"id","long","lat"
"2805727043",-103.401895,46.959386
"2805725617",-103.401893,46.959381
"2805724367",-103.401891,46.959376
"2805723075",-103.401888,46.959373
"2806572362",-103.401886,46.959365
"2805717453",-103.401828,46.959353
"2805716249",-103.40182,46.959351
"2806565446",-103.401818,46.959351
"2806556976",-103.401826,46.959356
"2806554640",-103.401825,46.959355
"2805702251",-103.401825,46.959355
"2806551250",-103.401835,46.959355
"2806546078",-103.401858,46.959365
"2806544082",-103.401846,46.959361
"2806542002",-103.40185,46.959361
"2805685957",-103.401816,46.959344
"2806533126",-103.485178,46.988594
"2805681815",-103.485178,46.988596
"2805680543",-103.487561,46.988683
"2806530150",-103.487565,46.988683
"2806529030",-103.487566,46.988685
"2806527502",-103.487571,46.988691
"2806525926",-103.487621,46.988718
"2806525356",-103.487668,46.988754
"2806520126",-103.48764,46.988753
"2806519034",-103.487643,46.988753
"2805667347",-103.487641,46.988753
"2805666337",-103.487656,46.988746
"2805665457",-103.487493,46.988575
"2806513926",-103.487541,46.988585
"2806511802",-103.48754,46.988588
"2805659159",-103.48756,46.988575
"2805654959",-103.486086,46.988156
"2805653067",-103.485173,46.988593
"2805650583",-103.485158,46.988568
"2805649581",-103.485158,46.988573
"2784535323",-103.381991,46.895401
"2784534673",-103.381991,46.895401
"2785387856",-103.53124,46.935445
"2784532731",-103.52815,46.935517
"2784532099",-103.52815,46.935517
"2785385344",-103.52815,46.935517
"2785383620",-103.381991,46.895401
"2784528853",-103.381991,46.895401
"2704996921",-103.387591,46.9277
"2640665793",-103.397102,46.956889
"2563651893",-103.395016,46.955915
"2553555654",-103.355469,47.614466
"2544131617",-103.329988,47.593669
"2544957392",-103.329988,47.593669
"2505404118",-103.356038,47.609866
"2504573679",-103.354986,47.61056
"2495568485",-103.477502,46.984729
"2494698498",-103.395016,46.955915
"2493880147",-103.395016,46.955915
"2467715192",-103.40171,46.924454
"2467714484",-103.329988,47.593669
"2454927451",-103.379888,46.896646
"2328115507",-103.392398,47.628611
"2328933906",-103.532506,46.944878
"2290544485",-103.395016,46.955915
"2257888912",-103.329988,47.593669
"2257091281",-103.451986,46.921838
"2241918248",-103.526422,46.916246
"2188766214",-103.489751,47.007796
"2188761378",-103.489483,47.008279
"2151753296",-103.38345,46.896052
"2151753050",-103.38345,46.896052
"2150961905",-103.38345,46.896052
"2150959591",-103.38345,46.896052
"1430247759",-103.381143,46.895466
"1431122430",-103.381143,46.895466
"868916346",-103.382291,46.895147
"841589549",-103.531645,46.935548
"842459070",-103.531963,46.934389
"842457776",-103.532933,46.934112
"841586193",-103.478811,46.981036
"842454486",-103.479212,46.980775
"842454196",-103.478447,46.981652
"842453864",-103.47777,46.983102
"841583705",-103.480125,46.984788
"842453282",-103.478826,46.981019
"842452972",-103.478572,46.981351
"842452682",-103.477646,46.982318
"804198216",-103.531353,46.935292
"767597701",-103.478738,46.981112
"696204402",-103.382871,46.895019
"696202004",-103.38375,46.895869
"696200762",-103.38375,46.895869
"696199554",-103.38375,46.895869
"695333447",-103.38375,46.895869
"696198626",-103.38375,46.895869
"695332445",-103.38375,46.895869
"696197456",-103.38375,46.895869
"695331357",-103.382871,46.895019
"695330767",-103.382871,46.895019
"696195988",-103.382871,46.895019
"695329109",-103.382871,46.895019
"695328623",-103.382871,46.895019
"572773153",-103.382055,46.895642
"515874963",-103.531594,46.949881
"515874945",-103.381347,46.895517
"515874917",-103.381347,46.895517
"385227485",-103.503119,46.956985
"331293747",-103.503119,46.956985
"268244504",-103.273035,47.609271
"229346847",-103.53635,46.968369
"229346451",-103.5308,46.973453
"229346013",-103.536507,46.978697
"229345043",-103.534246,46.97841
"229342496",-103.535196,46.954085
"229342240",-103.535896,46.951694
"229341627",-103.53865,46.946817
"229341291",-103.535005,46.94735
"229339961",-103.534091,46.948231
"229158604",-103.535949,46.979534
"214099137",-103.490953,46.992621
"214098801",-103.488271,46.992738
"214098130",-103.440527,46.935671
"214098035",-103.440527,46.935671
"133079738",-103.381004,46.895393
"71384949",-103.305602,47.595405
"71384897",-103.305602,47.595405
"71384886",-103.305602,47.595405
"71384861",-103.305602,47.595405
"71384843",-103.305602,47.595405
"71384814",-103.305602,47.595405
"71384791",-103.305602,47.595405
"71384778",-103.305602,47.595405
"1090145794",-103.381519,46.896844
"2808293366",-103.528951,46.926839
"2807442501",-103.528964,46.926846
"2808288330",-103.528974,46.926849
"2807437721",-103.528989,46.926856
"2808283786",-103.528991,46.926851
"2808282148",-103.528983,46.926841
"2808280564",-103.491636,46.963023
"2808279560",-103.491641,46.963028
"2807430869",-103.493256,46.976085
"2808277706",-103.493256,46.976085
"2808276182",-103.493231,46.976054
"2807427647",-103.493185,46.976025
"2808274658",-103.493148,46.976001
"2807425873",-103.488461,46.979804
"2807424277",-103.488475,46.979788
"2808271444",-103.485998,46.979166
"2808270460",-103.486001,46.979171
"2807418445",-103.482021,46.979403
"2808264648",-103.482003,46.979386
"2807416367",-103.482,46.97935
"2808263320",-103.481988,46.97935
"2807415095",-103.481991,46.979345
"2808262052",-103.481991,46.979345
"2808260666",-103.480496,46.980105
"2808260128",-103.480493,46.980099
"2807411589",-103.480494,46.980099
"2807411051",-103.480499,46.980106
"2808258006",-103.480505,46.980113
"2807408735",-103.479218,46.980809
"2807408151",-103.479223,46.980791
"2807407225",-103.479235,46.98079
"2807406741",-103.479241,46.98079
"2808252998",-103.47924,46.980795
"2807403433",-103.479238,46.980799
"2808249672",-103.479341,46.980749
"2807401309",-103.479534,46.980683
"2808247970",-103.47954,46.980684
"2808247294",-103.479571,46.980693
"2808246596",-103.479578,46.980705
"2808245918",-103.479578,46.980703
"2807397615",-103.479558,46.980683
"2807394765",-103.479563,46.980661
"2807391865",-103.481553,46.986788
"2808232602",-103.481543,46.986768
"2807383533",-103.481633,46.986853
"2808230558",-103.481628,46.986851
"2808228210",-103.481626,46.986846
"2808227488",-103.481623,46.986841
"2807377427",-103.481623,46.986839
"2807376553",-103.48167,46.986874
"2808222506",-103.481783,46.986959
"2808221514",-103.481825,46.987003
"2808219296",-103.481914,46.987081
"2808217582",-103.48193,46.987099
"2807367589",-103.481936,46.987105
"2807366689",-103.481936,46.987103
"2807365663",-103.481936,46.987101
"2807364699",-103.481938,46.987108
"2807363745",-103.481939,46.987113
"2808210992",-103.481944,46.987118
"2808209950",-103.481943,46.987113
"2807360777",-103.481941,46.987093
"2807358743",-103.48193,46.987081
"2807357729",-103.481928,46.987071
"2808204536",-103.481926,46.987068
"2808200502",-103.38363,46.936511
"2808194818",-103.38362,46.936511
"2807345237",-103.38362,46.936511
"2808189716",-103.383633,46.936501
"2807340319",-103.383635,46.936503
"2808185778",-103.383636,46.93651
"2807335255",-103.383755,46.93647
"2807333887",-103.383755,46.93647
"2807332479",-103.383755,46.936471
"2808178964",-103.383761,46.936463
"2808177692",-103.383761,46.936463
"2807328659",-103.383761,46.936471
"2807326379",-103.383758,46.936478
"2807323933",-103.38705,46.934819
"2807322935",-103.38705,46.934818
"2807321807",-103.38705,46.934818
"2807320651",-103.387051,46.934818
"2807317829",-103.388523,46.926083
"2807316719",-103.388523,46.926085
"2808163530",-103.388521,46.926085
"2807312755",-103.41863,46.934711
"2807311105",-103.418628,46.934711
"2807309483",-103.418626,46.934713
"2808150664",-103.418601,46.934728
"2807301427",-103.418601,46.934728
"2808147358",-103.41845,46.935011
"2808146726",-103.41845,46.935011
"2808146030",-103.41845,46.935011
"2808145276",-103.418463,46.935
"2808144588",-103.429244,46.920529
"2808143214",-103.429244,46.920529
"2807292429",-103.429243,46.920536
"2808138652",-103.429241,46.920543
"2807288733",-103.429243,46.920548
"2808134946",-103.429246,46.920551
"2808133458",-103.429228,46.920545
"2807283969",-103.467226,46.919823
"2808130842",-103.467225,46.919838
"2808129208",-103.466688,46.920381
"2807280629",-103.46673,46.920361
"2807278517",-103.464313,46.920408
"2808124290",-103.464321,46.920428
"2807275205",-103.464301,46.920426
"2807273899",-103.464306,46.920411
"2808118966",-103.485551,46.931566
"2808117836",-103.485546,46.931568
"2808116650",-103.492863,46.937193
"2807268013",-103.494931,46.95125
"2808114752",-103.494912,46.951275
"2807265725",-103.494909,46.951275
"2808111530",-103.494917,46.951278
"2808109100",-103.494914,46.951253
"2808106346",-103.494912,46.951253
"2808105000",-103.494911,46.951233
"2807255243",-103.494914,46.951235
"2808067384",-103.380521,46.895554
"2807029484",-103.493813,46.938966
"2806178707",-103.493798,46.938941
"2807024850",-103.49375,46.938925
"2806175227",-103.493783,46.93896
"2807020724",-103.493791,46.939001
"2806171167",-103.49384,46.939038
"2806168595",-103.493848,46.93902
"2806167499",-103.493828,46.93902
"2806166139",-103.493823,46.939026
"2807013344",-103.49382,46.939033
"2806159617",-103.424343,46.936455
"2806155967",-103.424333,46.936478
"2806995560",-103.41858,46.933278
"2806143141",-103.418583,46.933264
"2805981261",-103.418586,46.933256
"2806825932",-103.418606,46.933245
"2805974985",-103.418613,46.933246
"2805972861",-103.41862,46.933249
"2806819864",-103.417375,46.932796
"2806815532",-103.417386,46.932804
"2805962573",-103.41738,46.932813
"2806809030",-103.417368,46.932821
"2805958267",-103.417356,46.932821
"2805956225",-103.417316,46.932814
"2805951809",-103.417285,46.932843
"2805949471",-103.417268,46.93287
"2805945181",-103.41726,46.932883
"2805943093",-103.417263,46.932898
"2805932785",-103.41732,46.932953
"2806779640",-103.41734,46.932949
"2806777544",-103.417353,46.93296
"2805926401",-103.41738,46.932979
"2805922345",-103.405275,46.933043
"2806769276",-103.405295,46.933046
"2806761520",-103.405218,46.933121
"2806755394",-103.405216,46.933093
"2806753942",-103.405196,46.933086
"2805903161",-103.404763,46.933099
"2805901439",-103.388838,46.924231
"2806748574",-103.388863,46.924226
"2805897057",-103.388068,46.921816
"2806745000",-103.388066,46.921819
"2806744190",-103.388065,46.92183
"2805894789",-103.388061,46.921833
"2805893965",-103.388153,46.921838
"2805892775",-103.388148,46.921834
"2805890451",-103.388136,46.921831
"2806737860",-103.388131,46.92183
"2806734592",-103.38812,46.921828
"2805884631",-103.388061,46.921788
"2805883667",-103.388061,46.921796
"2805880667",-103.388081,46.921809
"2805879371",-103.3881,46.921828
"2805878233",-103.388316,46.921711
"2805874993",-103.388311,46.921713
"2805873505",-103.388331,46.921759
"2805872223",-103.38833,46.92174
"2806720356",-103.388333,46.921721
"2806719354",-103.38833,46.921706
"2805868515",-103.388328,46.921713
"2805867349",-103.388331,46.921719
"2805866109",-103.388301,46.921718
"2806712150",-103.388341,46.921719
"2805861369",-103.388341,46.921718
"2805859917",-103.388346,46.921719
"2805858605",-103.38835,46.921718
"2805856085",-103.388433,46.921696
"2805854889",-103.387651,46.923348
"2806701644",-103.387655,46.911406
"2805851935",-103.387655,46.911406
"2806700292",-103.387656,46.911406
"2805850733",-103.388765,46.924171
"2806698178",-103.38881,46.924166
"2805846311",-103.388935,46.924278
"2805845051",-103.388935,46.924278
"2806692922",-103.388941,46.924291
"2806691724",-103.388941,46.924298
"2805841793",-103.388838,46.925113
"2805840221",-103.388818,46.925093
"2805839143",-103.388496,46.926043
"2806685450",-103.388495,46.926036
"2806684166",-103.388456,46.926014
"2805833155",-103.38847,46.926016
"2805830869",-103.38848,46.925969
"2806678036",-103.388523,46.926006
"2806671640",-103.389235,46.933896
"2805820411",-103.389231,46.933905
"2805818417",-103.389231,46.933905
"2805814657",-103.389243,46.933908
"2806662336",-103.389245,46.933906
"2806659498",-103.38925,46.933905
"2805809219",-103.389255,46.933896
"2805807295",-103.389266,46.933886
"2806653944",-103.389273,46.933886
"2805803259",-103.389275,46.933896
"2806648346",-103.389253,46.933953
"2806646062",-103.389256,46.933948
"2806643836",-103.389256,46.933948
"2805790381",-103.389258,46.933946
"2805786109",-103.389261,46.933955
"2806633880",-103.389266,46.933949
"2805780623",-103.389283,46.933946
"2805779221",-103.389285,46.933946
"2805777995",-103.389286,46.933948
"2805776749",-103.389286,46.933948
"2805775571",-103.389288,46.933948
"2805774315",-103.389288,46.933948
"2806620752",-103.389268,46.93394
"2806619024",-103.389268,46.93394
"2806615188",-103.38925,46.933936
"2806613032",-103.38923,46.933926
"2806609284",-103.389225,46.93393
"2806602108",-103.389236,46.933874
"2806601150",-103.389235,46.933841
"2805750763",-103.389233,46.933841
"2806599342",-103.377374,46.933863
"2805748553",-103.377376,46.933861
"2806596606",-103.377377,46.933859
"2805745685",-103.377379,46.933859
"2805744219",-103.377379,46.933859
"2806592316",-103.377376,46.933861
"2805741169",-103.377396,46.933876
"2806589692",-103.377387,46.933873
"2806588506",-103.377391,46.933876
"2806586376",-103.402008,46.959413
"2805734247",-103.402013,46.959411
"2806581870",-103.402016,46.959415
"2806580624",-103.401931,46.959381
"2806578558",-103.401895,46.95939
"19606594973",-103.278264,47.598875
"19481599364",-103.381767,46.895783
"20079784705",-103.343139,47.626102
"19799641999",-103.343117,47.626091
"19956921286",-103.343192,47.626075
"19359986274",-103.377831,47.609363
"19361631373",-103.352823,47.621452
"19794592420",-103.34317,47.626111
"19532376771",-103.282545,47.595467
"19532371101",-103.343786,47.602803
"19309370078",-103.282728,47.59525
"18733140264",-103.485964,46.979222
"19168033160",-103.482264,46.978994
"19349557892",-103.481306,46.979586
"19359658291",-103.481306,46.979586
"19169479829",-103.481306,46.979586
"19168038988",-103.481306,46.979586
"19349224052",-103.383489,46.943869
"19359311881",-103.526645,46.949758
"19344944691",-103.482264,46.978994
"19153341800",-103.481306,46.979586
"18720346003",-103.485964,46.979222
"19153351678",-103.405089,46.964802
"19153349968",-103.482264,46.978994
"19153347508",-103.482264,46.978994
"19136355185",-103.533439,46.934027
"18685648041",-103.406326,46.956469
"18651384882",-103.429017,46.912491
"18641248535",-103.38162,46.895797
"18636508182",-103.486153,46.9882
"18018495294",-103.486142,46.988186
"18643419511",-103.486145,46.988197
"18641168785",-103.486109,46.988186
"18614813036",-103.486131,46.988205
"18636499412",-103.486153,46.988202
"18454987029",-103.486148,46.988183
"18643411681",-103.486203,46.988158
"18454980439",-103.487125,46.98858
"18641155455",-103.487264,46.988605
"18018477264",-103.487284,46.988611
"18614793256",-103.487398,46.988538
"18453376638",-103.487573,46.988686
"18636477802",-103.487595,46.988733
"18636465722",-103.487864,46.989405
"18636465052",-103.487895,46.989405
"18641129575",-103.4879,46.989405
"18453356958",-103.487887,46.98943
"18453354538",-103.487892,46.989416
"18453419870",-103.487931,46.989386
"18641117345",-103.48865,46.990061
"18636450962",-103.488687,46.990091
"18454938169",-103.488695,46.990136
"18020462563",-103.488681,46.99008
"18636445432",-103.488642,46.990061
"18020458483",-103.488148,46.989836
"18454930629",-103.488139,46.989836
"18453336928",-103.488142,46.989836
"18453336218",-103.487878,46.989669
"18643353111",-103.487864,46.989663
"18454926269",-103.487873,46.989661
"18020451883",-103.487878,46.989661
"18636435302",-103.487864,46.989647
"18454922519",-103.487787,46.98958
"18020447703",-103.487678,46.989447
"18643344911",-103.487681,46.98945
"18453325618",-103.487678,46.989394
"18643341761",-103.487378,46.989344
"18643339081",-103.486873,46.989111
"18018412484",-103.486848,46.989083
"18454911829",-103.486806,46.989088
"18641086895",-103.486437,46.989077
"18018408724",-103.485964,46.989013
"18614727556",-103.485637,46.988941
"18641078115",-103.503037,46.958875
"18641076235",-103.503139,46.958925
"18454898629",-103.503178,46.958938
"18453304868",-103.503175,46.958938
"18453299628",-103.503073,46.958863
"18643314211",-103.531123,46.947505
"18643312241",-103.530214,46.9475
"18641060575",-103.475112,46.92813
"18020406293",-103.429514,46.912386
"18453351870",-103.430745,46.934027
"18641052505",-103.38977,46.926319
"18018374694",-103.389212,46.926616
"18641050075",-103.3892,46.926616
"18614694096",-103.388776,46.926386
"18453279158",-103.388792,46.926394
"18453345060",-103.388778,46.926388
"18643291081",-103.388745,46.926269
"18018366724",-103.388634,46.926202
"18454864329",-103.388595,46.926194
"18020390853",-103.38852,46.926102
"18454863119",-103.388495,46.926097
"18020380753",-103.388495,46.926102
"18453261978",-103.388495,46.926097
"18453260378",-103.388562,46.926144
"18020364073",-103.388523,46.92613
"18453237608",-103.389073,46.926536
"18614649726",-103.38932,46.926572
"18020354433",-103.429012,46.912466
"18643248711",-103.429012,46.912502
"18020349593",-103.42902,46.912491
"18643242991",-103.429014,46.912491
"18454819719",-103.429017,46.912491
"18636329922",-103.429026,46.912469
"18020342703",-103.429026,46.912477
"18453279680",-103.427242,46.911822
"18643226961",-103.426917,46.911655
"18018281644",-103.424006,46.910058
"18453182148",-103.42287,46.909152
"18453179758",-103.422331,46.908786
"18453240280",-103.422031,46.908641
"18453168578",-103.428798,46.912405
"18018255244",-103.428837,46.912433
"18020282333",-103.428848,46.912438
"18453163988",-103.428851,46.912436
"18020278303",-103.429095,46.912586
"18018194744",-103.487028,46.988547
"18454696349",-103.487634,46.988666
"18018192774",-103.487867,46.989644
"18453166650",-103.388595,46.926194
"18454690699",-103.388562,46.926141
"18643102511",-103.381481,46.895847
"18516773135",-103.521667,46.953833
"18330535649",-103.514167,46.955
"18282391959",-103.487745,46.988722
"18206862900",-103.377806,47.6093
"18134351216",-103.381349,46.895406
"17696501241",-103.381667,46.8955
"17445547120",-103.381667,46.895666
"16885475134",-103.380548,46.895652
"17481664466",-103.380548,46.895652
"17455191011",-103.371015,47.605458
"17382197436",-103.371015,47.605458
"17094211478",-103.526766,46.947054
"17055455109",-103.26333,47.610398
"16583841334",-103.406167,46.933166
"16550218224",-103.471334,46.969424
"16520769393",-103.471334,46.969424
"17126569531",-103.377935,47.609483
"17111780065",-103.471334,46.969424
"17111724595",-103.471334,46.969424
"16924085640",-103.377978,47.608705
"16591820850",-103.442681,46.91573
"16557504466",-103.255735,47.598984
"16583496295",-103.255735,47.598984
"15963715983",-103.255735,47.598984
"16582277431",-103.255735,47.598984
"16531617832",-103.405673,46.955533
"15681308183",-103.337316,47.596632
"15611467413",-103.33237,47.596458
"15996960448",-103.485331,46.993411
"15543395654",-103.471334,46.969424
"16134012486",-103.38095,46.895291
"15540044593",-103.3816,46.895886
"15974022377",-103.382923,46.895433
"15974015627",-103.38292,46.895338
"16159778325",-103.382962,46.895305
"15973702299",-103.381462,46.895447
"19317494339",-103.37682,47.609313
"16835263543",-103.375779,47.606767
"15961355934",-103.255735,47.598984
"16396272518",-103.255735,47.598984
"27390339653",-103.526523,46.916702
"27926393181",-103.526523,46.916702
"27911612481",-103.380489,46.895663
"27887229402",-103.451928,46.922044
"27885207496",-103.431953,46.930911
"27528653100",-103.442115,47.603327
"27191070183",-103.27897,47.601788
"27523986680",-103.278889,47.601666
"27190398934",-103.521028,46.933897
"27523970510",-103.521028,46.933897
"27523966340",-103.521028,46.933897
"27523961850",-103.521028,46.933897
"27191051743",-103.518806,46.933619
"27802306095",-103.521028,46.933897
"27802302115",-103.521112,46.933888
"27119298504",-103.448639,46.939949
"27598693296",-103.488778,46.990105
"26860055284",-103.417364,46.950741
"26860044804",-103.417342,46.95083
"26860036244",-103.417342,46.95083
"27469165985",-103.417342,46.95083
"27369700522",-103.417342,46.95083
"27369689742",-103.420498,46.953644
"27369685712",-103.420498,46.953644
"27369682082",-103.423014,46.954616
"27468944425",-103.425178,46.956555
"27192475790",-103.426637,46.95733
"27192471850",-103.426637,46.95733
"27369631102",-103.429431,46.9579
"27368585482",-103.431378,46.958594
"27467692915",-103.431378,46.958594
"26858597834",-103.431378,46.958594
"27191107380",-103.46235,46.963936
"26858577664",-103.46235,46.963936
"26860383563",-103.46235,46.963936
"26857324823",-103.465637,46.963891
"27365480842",-103.465637,46.963891
"27365465972",-103.467928,46.963919
"27365461802",-103.484042,46.965541
"26855395874",-103.484042,46.965541
"27430290026",-103.484042,46.965541
"26855378394",-103.485267,46.965933
"27392961431",-103.486187,46.966172
"27365411902",-103.486187,46.966172
"26857217853",-103.486187,46.966172
"26797195623",-103.486189,46.966161
"26796010894",-103.487637,46.966186
"27332912001",-103.489456,46.966741
"27404069115",-103.489456,46.966741
"26795996074",-103.489456,46.966741
"27332874901",-103.489456,46.966741
"26795959684",-103.489456,46.966741
"26795953834",-103.507456,46.960394
"27128278090",-103.507456,46.960394
"27128268370",-103.507456,46.960394
"27022525890",-103.380539,46.89555
"26644857274",-103.488636,46.990068
"27251578355",-103.488636,46.990068
"27251572145",-103.488636,46.990068
"26645989643",-103.488754,47.005325
"26645994433",-103.488754,47.005325
"27182082111",-103.488636,46.990068
"27181972011",-103.488754,47.005325
"27217608686",-103.488636,46.990068
"27251445705",-103.488754,47.005325
"27182086621",-103.488754,47.005325
"27182080331",-103.488636,46.990068
"26488096144",-103.597734,46.997002
"26415806073",-103.386937,46.921207
"26394486613",-103.390853,46.937649
"26211604743",-103.49489,46.952847
"26716116831",-103.388482,46.926154
"26502100090",-103.499729,46.955
"26093976404",-103.45985,46.952851
"26673076546",-103.45985,46.952851
"26606819242",-103.45985,46.952851
"26606819092",-103.45985,46.952851
"26606819022",-103.45985,46.952851
"26093976354",-103.45985,46.952851
"26673076376",-103.45985,46.952851
"26606819172",-103.45985,46.952851
"26093976204",-103.45985,46.952851
"26673076146",-103.45985,46.952851
"26093975124",-103.45985,46.952851
"26576687821",-103.273334,47.600833
"26036400194",-103.337778,47.605
"26369015880",-103.338612,47.605555
"26036395384",-103.344445,47.608333
"26369014810",-103.344445,47.608333
"26036392764",-103.324445,47.616944
"26369014130",-103.323056,47.616666
"26036390694",-103.321112,47.616388
"26369013710",-103.276945,47.598888
"26615776626",-103.2925,47.588333
"26642381535",-103.293889,47.5875
"26615773906",-103.331667,47.596388
"26615770946",-103.331945,47.596388
"26578202806",-103.496628,46.951397
"26484522082",-103.509171,46.924798
"26272834880",-103.420812,46.9404
"25435593184",-103.52636,46.916947
"25767486240",-103.52636,46.916947
"25973438941",-103.353066,47.620555
"25947271062",-103.353066,47.620555
"25411249174",-103.423243,47.611971
"25413545573",-103.524245,46.952847
"25385927354",-103.522388,46.953667
"25903409981",-103.522388,46.953667
"25627114020",-103.371262,47.608275
"25761770996",-103.375725,47.593546
"25744760885",-103.422117,47.612535
"25402371660",-103.283565,47.594551
"24988981853",-103.426033,47.619507
"24796687343",-103.528212,46.915322
"24529315073",-103.487667,46.988633
"25135168055",-103.47075,46.947558
"25016917772",-103.47075,46.947558
"24943759781",-103.486112,46.988055
"24741500770",-103.485834,46.988055
"24410149413",-103.405556,46.963055
"24669316179",-103.452223,46.921944
"25036941835",-103.466945,46.919722
"24669311669",-103.463056,46.921388
"24943646981",-103.463056,46.921388
"25036937505",-103.485,46.931111
"24669306759",-103.485,46.931388
"24963465726",-103.479798,46.984016
"24362927463",-103.414678,46.967988
"24359175134",-103.401337,46.934174
"24896476331",-103.491387,46.972397
"24886798771",-103.491973,46.978213
"24353244603",-103.436412,46.978738
"24862117502",-103.405728,46.963155
"24886785811",-103.390456,46.927225
"24945158796",-103.478553,46.984252
"24675963320",-103.436678,46.978775
"24945143176",-103.474942,46.926777
"24867527931",-103.523731,46.953108
"24333997653",-103.491853,46.978375
"24842877332",-103.436445,46.978736
"24665345780",-103.397187,46.956797
"24867519771",-103.451939,46.921947
"24856312081",-103.530537,46.941969
"24581996119",-103.420837,46.968547
"24654117110",-103.388431,46.926161
"24831639162",-103.52027,46.954038
"24571540879",-103.401337,46.934174
"24845835021",-103.52027,46.954038
"24303483813",-103.433737,46.976097
"24303469343",-103.513675,46.931236
"24551140839",-103.507681,46.931233
"24290617014",-103.388889,46.925466
"24612770450",-103.383162,46.895238
"24790293682",-103.425481,46.972016
"24908220615",-103.401337,46.934174
"24814843991",-103.520492,46.954008
"24804352801",-103.43322,46.975105
"24602235370",-103.401687,46.934083
"24269569344",-103.52027,46.954038
"24490179549",-103.381133,46.939601
"24277763616",-103.485698,46.989491
"24303838315",-103.486178,46.988294
"23052696229",-103.522388,46.953667
"22792294314",-103.35534,47.60996
"23253784221",-103.382786,46.895638
"23080870285",-103.406022,46.955635
"22678465759",-103.381564,46.895772
"22678451139",-103.380514,46.895588
"22652317738",-103.509614,46.954105
"22652310008",-103.4683,46.924133
"22652334667",-103.468342,46.924005
"23044641796",-103.452231,46.922047
"22652313967",-103.448406,46.917375
"22678375159",-103.405431,46.963152
"22652249368",-103.419178,46.968933
"22449412823",-103.454109,46.986519
"22652226738",-103.486259,46.988188
"23044573936",-103.487639,46.988727
"22678309349",-103.356256,47.609988
"23056976522",-103.441412,47.602794
"23044523856",-103.43275,47.612005
"22678282019",-103.368089,47.612097
"23044511136",-103.344198,47.602775
"22447761434",-103.298078,47.591605
"22449316983",-103.381639,46.895847
"22580163918",-103.52794,46.94879
"22389307476",-103.530592,46.9497
"22044754655",-103.380103,46.895363
"21423613773",-103.380103,46.895363
"21856580920",-103.380103,46.895363
"22044740465",-103.380103,46.895363
"21421917544",-103.380103,46.895363
"22018541976",-103.380103,46.895363
"21856561820",-103.380103,46.895363
"21423583563",-103.380103,46.895363
"21857819709",-103.380103,46.895363
"21744304369",-103.319925,47.595995
"21557797448",-103.587487,47.001186
"21719518976",-103.586748,46.99828
"21731142092",-103.444765,47.610846
"21551618825",-103.380875,46.895803
"21433995621",-103.466809,46.920375
"21434033301",-103.525587,46.916613
"21414678622",-103.532631,46.933816
"21399358816",-103.532639,46.933827
"21237775988",-103.533048,46.934022
"21237535980",-103.533095,46.934
"21237774388",-103.531328,46.935202
"20802905824",-103.462978,46.921388
"20804520353",-103.462992,46.921586
"21399351636",-103.462973,46.921513
"21237766928",-103.466689,46.920444
"21237766008",-103.467217,46.91968
"21238704339",-103.463795,46.920738
"21434016251",-103.451981,46.922038
"21434013441",-103.423784,46.936694
"21399334366",-103.405464,46.963286
"20802885504",-103.486292,46.988144
"21238691979",-103.487428,46.988455
"21238688539",-103.488823,46.990069
"21425561555",-103.528337,46.915455
"21237743538",-103.381684,46.894544
"20802877374",-103.380559,46.89568
"21414642492",-103.380495,46.895663
"21231988468",-103.513998,46.931473
"21393509306",-103.509428,46.932682
"20793094353",-103.509932,46.926696
"21281492415",-103.381551,46.895913
"20479270734",-103.581976,47.001098
"21004881782",-103.280053,47.601088
"20393704183",-103.29345,47.587861
"27070350603",-103.381745,46.895869
"26797160403",-103.489456,46.966741
"26369015130",-103.343334,47.607222
"26036388884",-103.276945,47.598888
"26369010600",-103.280278,47.597222
"26642378495",-103.331667,47.596388
"25766993150",-103.353066,47.620555
"25183144764",-103.423265,47.611964
"22802935376",-103.375768,47.609475
"14455291936",-103.420817,46.968513
"14291769390",-103.507703,46.952333
"14498519903",-103.510237,46.926802
"14287166550",-103.3823,46.892841
"14493914093",-103.3823,46.892841
"14287195498",-103.3823,46.892841
"14287150409",-103.3823,46.892841
"14472597424",-103.3823,46.892841
"14472596964",-103.3823,46.892841
"14472596574",-103.3823,46.892841
"14472461212",-103.3823,46.892841
"14472460652",-103.3823,46.892841
"14472459322",-103.3823,46.892841
"14470288641",-103.382306,46.892838
"14493793193",-103.382306,46.892838
"14472479754",-103.3823,46.892841
"14472343162",-103.3823,46.892841
"14246128899",-103.497821,46.996244
"14409655476",-103.471334,46.969424
"14246125649",-103.471334,46.969424
"14431462802",-103.471334,46.969424
"14236657079",-103.497821,46.996244
"14236652189",-103.497821,46.996244
"14443477603",-103.497821,46.996244
"14422004222",-103.497821,46.996244
"14236833807",-103.497821,46.996244
"14229545769",-103.469665,46.991031
"14391795296",-103.469665,46.991031
"14413033642",-103.469665,46.991031
"14413031122",-103.469665,46.991031
"14413030072",-103.450637,46.982072
"14412823434",-103.450637,46.982072
"14390758471",-103.486739,46.988588
"14323136995",-103.440527,47.601186
"14099976537",-103.379667,47.6235
"14013762090",-103.527673,46.914861
"14013760010",-103.511848,46.955227
"14200385315",-103.511848,46.955227
"14200301544",-103.511925,46.955144
"14177246886",-103.509798,46.954183
"14200299414",-103.509789,46.954177
"14013755140",-103.509789,46.954177
"14013724038",-103.509759,46.954141
"14200296434",-103.509362,46.953863
"14197870902",-103.509362,46.953863
"14013751240",-103.509362,46.953863
"14197869042",-103.5093,46.953833
"14013783857",-103.507645,46.952286
"14013707619",-103.507653,46.952263
"14013717538",-103.506789,46.951302
"14220517503",-103.485245,46.931427
"14177233806",-103.451875,46.921994
"14013712878",-103.451881,46.921986
"14177231136",-103.452142,46.922013
"14220512553",-103.402206,46.933894
"14197093871",-103.402223,46.933988
"14177227786",-103.388756,46.925855
"14200280034",-103.388878,46.924241
"14013695769",-103.38887,46.924241
"14177223846",-103.38887,46.924247
"14200358655",-103.388978,46.924213
"14013731720",-103.388978,46.924213
"14197849692",-103.389162,46.924305
"14013700228",-103.389162,46.924313
"14220500983",-103.388834,46.925238
"14200269894",-103.388909,46.925616
"14177215776",-103.388925,46.925647
"14013723690",-103.388564,46.925794
"14013692358",-103.388564,46.925794
"14013721870",-103.388642,46.925905
"14197839122",-103.393364,46.955838
"14013754197",-103.393364,46.955838
"14177208946",-103.393387,46.95583
"14200260704",-103.397087,46.956822
"14220487363",-103.402017,46.95938
"14177204366",-103.401725,46.959433
"14013748097",-103.401725,46.959433
"14200255764",-103.401725,46.959433
"14177201186",-103.401725,46.959433
"14197829462",-103.40172,46.959436
"14013670069",-103.402773,46.959252
"14013707960",-103.403389,46.959152
"14013741737",-103.403412,46.95888
"14197059531",-103.403412,46.958905
"14013663699",-103.403503,46.958838
"14177193226",-103.403909,46.958555
"14013671908",-103.403909,46.958555
"14200326975",-103.403953,46.958519
"14013700450",-103.404481,46.958294
"14013658299",-103.405076,46.95828
"14013655969",-103.405648,46.957686
"14177184826",-103.405656,46.957686
"14177182066",-103.405678,46.957672
"14013651359",-103.405687,46.957663
"14197043811",-103.406862,46.956627
"14013725167",-103.405914,46.955488
"14220460513",-103.405906,46.955463
"14197039561",-103.405931,46.95553
"14200228834",-103.4059,46.955552
"14200310525",-103.405906,46.955513
"14013683680",-103.405906,46.955508
"14197035781",-103.405937,46.955561
"14200225214",-103.405992,46.95565
"14200224314",-103.405992,46.955647
"14197799662",-103.405992,46.955647
"14013678490",-103.405992,46.955647
"14220449283",-103.405984,46.955641
"14013634289",-103.406037,46.955791
"14013708537",-103.406037,46.955791
"14197793532",-103.406089,46.955986
"14013631409",-103.406128,46.956019
"14177160216",-103.406189,46.956105
"14220441383",-103.40635,46.956497
"14013702787",-103.406373,46.956505
"14013665690",-103.406114,46.957
"14013664950",-103.406114,46.956997
"14197784912",-103.40612,46.95698
"14200206954",-103.406128,46.956983
"14220433793",-103.40612,46.956983
"14197780642",-103.405962,46.957219
"14013619749",-103.404542,46.958188
"14197010401",-103.403437,46.958547
"14220427023",-103.403145,46.959141
"14200281515",-103.403101,46.959227
"14013614419",-103.403101,46.959227
"14013687597",-103.401773,46.959377
"14220423323",-103.405189,46.96305
"14177140496",-103.405526,46.963086
"14013611059",-103.405526,46.963097
"14013650000",-103.405639,46.963077
"14197001981",-103.405617,46.963097
"14200274635",-103.405692,46.963213
"14197000591",-103.405634,46.963116
"14013646870",-103.405634,46.963116
"14197767032",-103.405634,46.963116
"14200271065",-103.414423,46.967961
"14013613858",-103.414445,46.968008
"14013677087",-103.488389,46.989766
"14200267935",-103.488389,46.989819
"14196993431",-103.4888,46.990127
"14013639490",-103.488817,46.990119
"14200265725",-103.488778,46.990083
"14220409003",-103.488823,46.990102
"14013607108",-103.488809,46.990119
"14200179514",-103.488809,46.990113
"14013634500",-103.487914,46.989647
"14013668787",-103.487945,46.989675
"14013668067",-103.4879,46.989619
"14196985231",-103.487648,46.9886
"14013630400",-103.487717,46.98873
"14177119146",-103.487717,46.988727
"14200253865",-103.486856,46.988519
"14200170614",-103.486648,46.98843
"14013594568",-103.486284,46.988161
"14200249885",-103.478814,46.983802
"14013591938",-103.478967,46.9841
"14218824033",-103.480173,46.980288
"14198680705",-103.481698,46.979547
"14198603634",-103.488695,46.979755
"14012090947",-103.488725,46.979758
"14012090197",-103.49315,46.975811
"14175548056",-103.493173,46.975777
"14175547166",-103.493134,46.975641
"14012025378",-103.493134,46.975641
"14012051050",-103.493134,46.975641
"14196156462",-103.531945,46.945325
"14198594604",-103.532234,46.944905
"14195394141",-103.532395,46.944902
"14012004379",-103.531059,46.935244
"14012044070",-103.532189,46.934136
"14198591004",-103.532303,46.934122
"14198665025",-103.533037,46.934061
"14012000449",-103.533073,46.934152
"14012075147",-103.522042,46.933502
"14198585384",-103.521509,46.933547
"14218801313",-103.526292,46.919438
"14195380601",-103.525781,46.916122
"14218796343",-103.525895,46.916086
"14012031860",-103.526237,46.916894
"14012067227",-103.526537,46.916797
"14218792873",-103.526245,46.916955
"14218792053",-103.526262,46.916986
"14011999958",-103.380495,46.895683
"14198572784",-103.380487,46.895675
"14175518656",-103.384339,46.895161
"14198570944",-103.384781,46.895505
"14196129692",-103.384737,46.8955
"14195368971",-103.384828,46.896461
"14218784943",-103.384873,46.896505
"14195366661",-103.384737,46.895477
"14011992708",-103.383737,46.894961
"14175511246",-103.383576,46.895019
"14012052887",-103.383134,46.895258
"14011974809",-103.383117,46.895244
"14198637185",-103.383117,46.895238
"14011987818",-103.382867,46.895405
"14011972669",-103.381578,46.895883
"13928566222",-103.378,47.608824
"13928552356",-103.378,47.608824
"13928543576",-103.378,47.608824
"13951717033",-103.378,47.608824
"13951643195",-103.378,47.608824
"13951639215",-103.378,47.608824
"13951627295",-103.378,47.608824
"13952077694",-103.378,47.608824
"13928507636",-103.378,47.608824
"13928498626",-103.378,47.608824
"13952059484",-103.378,47.608824
"13951599265",-103.378,47.608824
"13928494062",-103.378,47.608824
"13952044174",-103.378,47.608824
"13938793783",-103.441901,47.603269
"13915445992",-103.333357,47.594153
"13938586423",-103.332434,47.594197
"13915420722",-103.332434,47.594197
"13915410156",-103.332434,47.594197
"13915395351",-103.332434,47.594197
"13938505845",-103.333357,47.594153
"13902375216",-103.289852,47.591259
"13902373542",-103.289852,47.591259
"13925918724",-103.301417,47.593734
"13902347931",-103.332209,47.596461
"13925522153",-103.332209,47.596461
"13925465725",-103.301417,47.593734
"13902335981",-103.332209,47.596461
"13902339566",-103.332209,47.596461
"13925504113",-103.332209,47.596461
"13925889574",-103.332209,47.596461
"13902316121",-103.332209,47.596461
"13902325382",-103.332209,47.596461
"13925870554",-103.301417,47.593734
"13925866984",-103.289852,47.591259
"13925419295",-103.289852,47.591259
"13925370185",-103.260262,47.599854
"13925806804",-103.289852,47.591259
"13902253872",-103.260262,47.599854
"13925359735",-103.260262,47.599854
"8001473772",-103.37817,47.608655
"7848578406",-103.355645,47.609966
"13913086825",-103.452222,46.921962
"13913504864",-103.452222,46.921962
"13913502044",-103.429498,46.912472
"13889934931",-103.388611,46.926066
"13889931791",-103.388611,46.926066
"13889932752",-103.388611,46.926066
"13913098723",-103.388611,46.926066
"13889923111",-103.388611,46.926066
"13889922616",-103.388611,46.926066
"13913033555",-103.388611,46.926066
"13913029865",-103.388611,46.926066
"13913076343",-103.452222,46.921962
"13907911834",-103.51093,46.956334
"13899067433",-103.517131,46.932447
"13899409804",-103.531637,46.935348
"13899057103",-103.531637,46.935348
"13899042003",-103.489515,46.935561
"13899383824",-103.489515,46.935561
"13898970925",-103.485352,46.931465
"13899024763",-103.485352,46.931465
"13899348604",-103.485352,46.931465
"13898934065",-103.485352,46.931465
"13899329004",-103.475857,46.928696
"13899324474",-103.475857,46.928696
"13898904025",-103.475857,46.928696
"13898893715",-103.485352,46.931465
"13899297794",-103.485352,46.931465
"13898928973",-103.489515,46.935561
"13898863775",-103.489515,46.935561
"13898851855",-103.531637,46.935348
"13898847075",-103.531637,46.935348
"13899251434",-103.526229,46.919522
"13875269605",-103.381755,46.895539
"13875662914",-103.381755,46.895539
"13875258645",-103.381755,46.895539
"13875247795",-103.381755,46.895539
"13875243075",-103.381755,46.895539
"13875233475",-103.526079,46.916503
"13875279213",-103.526079,46.916503
"13875212305",-103.526079,46.916503
"13875208795",-103.526079,46.916503
"13875251713",-103.526079,46.916503
"13875197775",-103.526079,46.916503
"13875592174",-103.526079,46.916503
"13875187275",-103.526079,46.916503
"13875578384",-103.527549,46.91481
"13875216943",-103.526079,46.916503
"13875161635",-103.381755,46.895539
"13875209963",-103.381755,46.895539
"13875152545",-103.381755,46.895539
"13861832153",-103.382778,46.895555
"7853516028",-103.462803,46.921527
"12713320125",-103.488292,46.989898
"12686165624",-103.382786,46.895638
"11838965315",-103.538398,47.000011
"11421945066",-103.390445,46.927289
"11258917264",-103.332167,47.5965
"11258904036",-103.408814,47.627772
"11258910004",-103.441806,47.602805
"11258882116",-103.434017,47.61123
"11258928203",-103.378131,47.608716
"11258880664",-103.44162,47.602827
"11258864046",-103.378131,47.608716
"11258910563",-103.44162,47.602827
"11258850786",-103.308056,47.592777
"11258844506",-103.308056,47.592777
"11258842414",-103.308056,47.592777
"11258838974",-103.308056,47.592777
"11258827076",-103.308056,47.592777
"11258832454",-103.281073,47.597269
"11258875723",-103.286262,47.604288
"11258817966",-103.295539,47.609969
"11258814306",-103.298373,47.611847
"11258805756",-103.319614,47.62383
"11258769355",-103.313059,47.617175
"11258851223",-103.312545,47.616847
"11258791986",-103.304253,47.610011
"11258797484",-103.304253,47.610011
"11258839753",-103.302128,47.610683
"11258780906",-103.292748,47.608361
"11258745305",-103.292742,47.608272
"11258773424",-103.290884,47.606402
"11258762106",-103.287656,47.602594
"11258757814",-103.281337,47.601488
"11258754824",-103.33857,47.603355
"11258743696",-103.33857,47.603355
"11258703355",-103.33857,47.603355
"11258697065",-103.33857,47.603355
"11258689815",-103.33857,47.603355
"11258681365",-103.33857,47.603355
"11258676995",-103.33857,47.603355
"11258672495",-103.333031,47.596786
"11258751653",-103.333031,47.596786
"11258698074",-103.333031,47.596786
"10894897713",-103.531143,46.952796
"10894862893",-103.429723,46.934389
"10894860033",-103.429723,46.934389
"10894712704",-103.429723,46.934389
"10894564175",-103.429723,46.934389
"10832380146",-103.532667,46.949166
"10832622663",-103.4805,46.985166
"10832457754",-103.4905,46.967833
"10832286855",-103.433167,46.975166
"10832282865",-103.433167,46.975166
"10832594663",-103.433167,46.975166
"10832265265",-103.4795,46.980666
"10832261105",-103.491834,46.9785
"10832310896",-103.5325,46.949333
"10832570873",-103.4795,46.980666
"10832393824",-103.406334,46.966166
"10832175384",-103.406334,46.966166
"10832057736",-103.406334,46.966166
"10832322143",-103.406334,46.966166
"10832047776",-103.406334,46.966166
"10831982745",-103.406334,46.966166
"10832030916",-103.406334,46.966166
"10832282773",-103.466667,46.920333
"10831954815",-103.464167,46.920666
"10832000956",-103.5325,46.949166
"10832111014",-103.532334,46.949333
"10832104944",-103.381667,46.895833
"10615457645",-103.498592,46.950496
"10520787494",-103.508167,46.9205
"10168893544",-103.542537,47.014555
"10106506524",-103.542537,47.014555
"10104273846",-103.5773,47.002147
"10104051924",-103.544939,47.008236
"10053912984",-103.447312,46.916022
"10053907934",-103.447303,46.91603
"9706324332",-103.538709,46.978963
"9706323786",-103.538709,46.978963
"9706323158",-103.538709,46.978963
"9706322366",-103.538709,46.978963
"9655560051",-103.381134,46.895086
"9655558213",-103.381628,46.895905
"9658787238",-103.381628,46.895905
"9658785484",-103.485445,46.931091
"9658781666",-103.527664,46.915397
"9645123686",-103.38148,46.895372
"9641885593",-103.38148,46.895372
"9641885277",-103.38148,46.895372
"9575778992",-103.432685,46.934315
"9524839799",-103.381572,46.895862
"9524838321",-103.381572,46.895862
"9524837853",-103.381572,46.895862
"9527622476",-103.381572,46.895862
"9527621580",-103.381572,46.895862
"9527620796",-103.381572,46.895862
"9518803401",-103.380537,46.895327
"9521582330",-103.380537,46.895327
"9521581556",-103.380537,46.895327
"9521580050",-103.380537,46.895327
"9521579188",-103.380537,46.895327
"9492618882",-103.382917,46.895416
"9479356439",-103.382786,46.895638
"9476376462",-103.382786,46.895638
"9469346464",-103.382786,46.895638
"9460593373",-103.382786,46.895638
"9370027693",-103.525533,46.916604
"9369072084",-103.526927,46.935216
"9366289315",-103.531331,46.936894
"9366288427",-103.530896,46.936506
"9369067102",-103.531218,46.936491
"9337239229",-103.516016,46.933268
"9287918442",-103.485617,46.931717
"9285140213",-103.47575,46.928883
"9284205844",-103.596333,46.997117
"9284204842",-103.5839,47.0006
"9281424013",-103.58425,47.000867
"9284063896",-103.58425,47.000867
"9284062014",-103.5852,47.0003
"9284061396",-103.586417,46.9992
"9281279191",-103.59675,46.9973
"9284056104",-103.38805,46.8971
"9281273787",-103.355217,47.6101
"9279425638",-103.368917,47.607817
"9253799656",-103.526208,46.919419
"9251017197",-103.526101,46.919361
"9253798858",-103.402376,46.959284
"9251016191",-103.402848,46.959225
"9253797588",-103.402633,46.959255
"9251015395",-103.402612,46.959284
"9251015123",-103.402612,46.959269
"9251014539",-103.403019,46.959079
"9253796294",-103.403041,46.958962
"9253795260",-103.40362,46.958493
"9253794764",-103.40377,46.958478
"9253794480",-103.403599,46.958522
"9253793682",-103.404715,46.95823
"9251010927",-103.405616,46.957893
"9251010669",-103.405594,46.957746
"9251010399",-103.406045,46.957219
"9253791928",-103.406152,46.956765
"9253791504",-103.406302,46.95678
"9251008757",-103.404479,46.95823
"9253790322",-103.4045,46.958215
"9251007985",-103.396689,46.956794
"9251007703",-103.396689,46.95675
"9253789302",-103.396625,46.956809
"9253788362",-103.396646,46.956721
"9251006053",-103.396689,46.956853
"9253786950",-103.396646,46.956824
"9251004781",-103.396947,46.956853
"9251004323",-103.388471,46.926102
"9253785488",-103.388578,46.926088
"9251002525",-103.388578,46.926088
"9253784100",-103.388514,46.926102
"9253783708",-103.388493,46.926088
"9253783352",-103.388514,46.926073
"9251001131",-103.388557,46.926044
"9251000805",-103.388493,46.926117
"9253782384",-103.388557,46.926175
"9250999675",-103.388535,46.926205
"9250999355",-103.388578,46.926073
"9253780960",-103.388535,46.926029
"38470273311",-103.380489,46.895691
"24598453698",-103.485462,46.931561
"24598403938",-103.452073,46.921924
"26694450129",-103.452073,46.921938
"38414307926",-103.452073,46.921938
"37582996895",-103.411781,46.93223
"37755373684",-103.411781,46.93223
"38414223346",-103.411781,46.93223
"26694334169",-103.392156,46.95395
"37755298764",-103.410209,46.965672
"37582860205",-103.410312,46.965769
"38470040481",-103.48912,46.995561
"38424626871",-103.382,46.896136
"38368722766",-103.485564,46.931594
"38393116752",-103.509362,46.953888
"38368719066",-103.489548,46.935527
"38368717746",-103.513645,46.931244
"24553390148",-103.451914,46.921988
"38424334141",-103.475714,46.92873
"38424333881",-103.475703,46.928727
"24553386098",-103.485489,46.931405
"38392730132",-103.526164,46.919438
"38392729162",-103.479089,46.984244
"37709520724",-103.397237,46.956827
"38392727492",-103.507903,46.928486
"37709520054",-103.389323,46.935305
"37345824424",-103.528698,46.947244
"38055286621",-103.506403,46.950219
"37935196252",-103.531423,46.972508
"37943440481",-103.531423,46.972508
"24047124488",-103.531423,46.972508
"37850445931",-103.531423,46.972508
"37796670882",-103.375373,46.894066
"37796516132",-103.531423,46.972508
"37099170214",-103.375373,46.894066
"37114899683",-103.526294,46.916781
"37734779676",-103.526294,46.916781
"37771638051",-103.375373,46.894066
"23918097078",-103.531423,46.972508
"37060806263",-103.375373,46.894066
"37472644020",-103.531423,46.972508
"23855255328",-103.531423,46.972508
"36978762764",-103.531423,46.972508
"23792975448",-103.526314,46.916774
"37396321031",-103.485145,46.988705
"23544117608",-103.485128,46.988719
"23544114958",-103.485123,46.988725
"37139169790",-103.485123,46.988727
"37139164500",-103.485098,46.988747
"36726007013",-103.381156,46.940252
"36687326764",-103.390056,46.926394
"36726001213",-103.390053,46.926402
"36687323084",-103.390045,46.926422
"37365539192",-103.390037,46.926436
"23544081598",-103.390031,46.926444
"23544077988",-103.390031,46.926447
"23544075038",-103.390014,46.926475
"23544072218",-103.440987,46.914761
"23544065638",-103.441256,46.914888
"23544058048",-103.462928,46.92198
"37396268511",-103.462928,46.92198
"37365516172",-103.462928,46.92198
"37396261341",-103.462925,46.92198
"36588191464",-103.509689,46.954144
"36588190994",-103.509689,46.954144
"37298020701",-103.509689,46.954144
"36588183134",-103.509698,46.954144
"37042249590",-103.509712,46.95418
"37440531145",-103.50972,46.95415
"37042213960",-103.509689,46.954213
"37042210380",-103.508178,46.952819
"37042200120",-103.475137,46.927577
"36588106964",-103.431039,46.973577
"36628188503",-103.436409,46.978694
"36501790273",-103.421951,46.908608
"37141072421",-103.533042,46.934063
"37092942726",-103.452117,46.92198
"36110453273",-103.381531,46.895794
"36470194606",-103.263197,47.610243
"36089104060",-103.492228,46.977647
"36348036871",-103.503614,46.956544
"35650260274",-103.529609,46.941502
"35676682873",-103.351914,47.616405
"35676340093",-103.352117,47.617644
"35676339703",-103.352123,47.619188
"35676339913",-103.352087,47.619013
"35649575734",-103.35127,47.614044
"36346867071",-103.392592,47.628494
"36346866971",-103.440192,47.610072
"36346866921",-103.392628,47.628486
"36346866861",-103.379639,47.623602
"35648007294",-103.326498,47.597205
"36086096500",-103.275373,47.6015
"36086096480",-103.304214,47.594263
"36483016075",-103.266556,47.611952
"35653393483",-103.351992,47.616444
"35600862694",-103.352081,47.616358
"36233862441",-103.331695,47.596466
"36233860591",-103.331878,47.596247
"36233859691",-103.332345,47.596519
"36233856881",-103.441698,47.602927
"36370669825",-103.445051,47.611036
"36370659605",-103.493253,46.974427
"36370659175",-103.492273,46.978213
"35973700570",-103.492048,46.978313
"35973698730",-103.380648,46.895497
"36118188385",-103.380339,46.895613
"36118185715",-103.380339,46.895613
"35021841504",-103.332359,47.596527
"35552426372",-103.45205,46.921949
"35681600516",-103.45205,46.921949
"35334139330",-103.45205,46.921949
"35333273610",-103.388878,46.925091
"35720360735",-103.389084,46.924283
"35551578622",-103.388909,46.924202
"35551174282",-103.397628,46.957477
"35719872685",-103.397728,46.957347
"35551170902",-103.385467,46.952725
"35551167542",-103.388428,46.926116
"35588966311",-103.388428,46.926116
"35490515332",-103.405534,46.962975
"35528954901",-103.405534,46.962975
"35490511832",-103.402109,46.959491
"35272071310",-103.397628,46.957477
"34847900783",-103.439226,46.981022
"34815966384",-103.405534,46.962975
"35269749390",-103.405534,46.962975
"35470264432",-103.479959,46.984019
"35470254382",-103.469253,46.990877
"35250121200",-103.526389,46.919491
"35250116980",-103.4786,46.984188
"35250111310",-103.477884,46.984597
"35250108700",-103.477884,46.984597
"35636801895",-103.477884,46.984597
"35398808516",-103.451989,46.922377
"35236006792",-103.506145,46.929517
"35348597515",-103.524899,46.916789
"35078644086",-103.553017,46.933791
"35078643416",-103.540742,46.947452
"35078643076",-103.540603,46.947516
"35078642846",-103.540542,46.947558
"35078642196",-103.537912,46.949261
"35078641986",-103.536431,46.950466
"34273922524",-103.537912,46.949261
"35078640176",-103.535912,46.951947
"35078639846",-103.535178,46.952819
"35078639686",-103.535178,46.952819
"35078638896",-103.535103,46.952766
"35078638436",-103.535112,46.952788
"35078636926",-103.524217,46.958972
"35078636486",-103.525659,46.960244
"35078636146",-103.525659,46.960244
"35078635806",-103.526148,46.960625
"35078634056",-103.527603,46.961563
"35078633196",-103.527467,46.961411
"35078628696",-103.535645,46.96553
"35078627336",-103.53575,46.965727
"34987580221",-103.53575,46.965727
"35078624376",-103.536453,46.968125
"35078623486",-103.536506,46.968147
"34987578931",-103.536506,46.968155
"35078621166",-103.536323,46.968583
"34987577811",-103.536264,46.968577
"34987577411",-103.536287,46.968558
"34987576911",-103.535881,46.9795
"34987576661",-103.536003,46.979438
"35078619026",-103.535964,46.979447
"35078617186",-103.544067,46.99008
"34731687670",-103.545487,47.000927
"34987572541",-103.551239,47.012108
"34987572331",-103.5512,47.012147
"34731681100",-103.550003,47.019822
"34731680270",-103.552039,47.020061
"34273895654",-103.559203,47.021872
"34273895334",-103.559145,47.021888
"34273895144",-103.559145,47.021888
"34273894944",-103.559114,47.021841
"34731673850",-103.568367,47.016911
"34987564121",-103.584145,46.989808
"34308249093",-103.556175,46.987361
"34308245943",-103.535873,46.965755
"35118299165",-103.53572,46.965727
"35118299015",-103.53572,46.965727
"35118298435",-103.533509,46.954344
"35118298235",-103.533425,46.954369
"35118298175",-103.546409,46.9422
"34987613231",-103.380478,46.895633
"34987612641",-103.380425,46.895622
"34273951654",-103.380434,46.895622
"34273951064",-103.380434,46.895622
"34273949414",-103.380609,46.895533
"34273948204",-103.380592,46.895527
"35078651156",-103.381675,46.895825
"35078650826",-103.381539,46.89585
"34816561142",-103.331745,47.596447
"34816554682",-103.441556,47.602794
"34939837436",-103.378214,47.608819
"34137291244",-103.37812,47.608702
"34847629171",-103.402048,46.959422
"34816508262",-103.45207,46.922036
"33683867576",-103.525478,46.916649
"33414940212",-103.381067,46.89395
"33414931682",-103.381067,46.89395
"32901130281",-103.337589,47.594122
"32212596213",-103.302403,47.593877
"32986041136",-103.302403,47.593877
"32986039986",-103.301462,47.593663
"32871983332",-103.301462,47.593663
"32871971462",-103.525481,46.91653
"32182354054",-103.514525,46.931247
"32212567763",-103.514525,46.931247
"32901102451",-103.514525,46.931247
"37170557236",-103.531916,46.927538
"35649575804",-103.352231,47.617894
"36233858361",-103.332287,47.596544
"33442548131",-103.526521,46.91672
"4525228676",-103.53463,46.948643
"4524369623",-103.526253,46.916558
"4524997532",-103.526284,46.916813
"4490077951",-103.470667,46.991333
"4490241530",-103.5275,46.914666
"4487966355",-103.381606,46.895875
"4324584836",-103.265175,47.602705
"4217396740",-103.534297,46.949149
"4214114978",-103.383064,46.894337
"4182317062",-103.452061,46.921933
"4093383015",-103.489193,46.990177
"4093383021",-103.489193,46.990177
"4071588477",-103.301842,47.593825
"4057506392",-103.27775,47.603341
"4016549464",-103.3812,46.8955
"4015785539",-103.3812,46.8955
"4016301120",-103.3812,46.8955
"4016299850",-103.3812,46.8955
"4015536271",-103.3812,46.8955
"4015525321",-103.5308,46.9474
"4016270704",-103.5308,46.9474
"4016269760",-103.5308,46.9474
"4015178795",-103.5308,46.9474
"4015178515",-103.5308,46.9474
"4014838889",-103.53096,46.94756
"4014837445",-103.53096,46.94756
"4014836665",-103.53096,46.94756
"4014793373",-103.3845,46.9434
"4013798294",-103.3845,46.9434
"4013797230",-103.3845,46.9434
"4013796068",-103.3845,46.9434
"4010005139",-103.3875,46.9303
"4009997813",-103.3875,46.9303
"4009825061",-103.4786,46.9291
"4010588532",-103.4786,46.9291
"4010585838",-103.4854,46.9314
"4009816735",-103.4854,46.9314
"4010581154",-103.4854,46.9314
"4010576544",-103.4854,46.9314
"4009806881",-103.4854,46.9314
"4010383904",-103.50058,46.94878
"4010379984",-103.50058,46.94878
"4009383879",-103.5191,46.9541
"4009381765",-103.5191,46.9541
"4009347305",-103.51955,46.93394
"4010113098",-103.51955,46.93394
"4009935882",-103.486189,46.988003
"4009935874",-103.486189,46.988003
"4002473745",-103.515522,46.932088
"3930554556",-103.471984,46.99183
"3924050001",-103.515028,46.931568
"3911568376",-103.397988,46.957051
"3898222059",-103.449711,47.59581
"3896675897",-103.414287,46.924175
"3897453622",-103.412645,46.92303
"3896671513",-103.395312,46.915763
"3896670023",-103.393859,46.915191
"3897448004",-103.392634,46.914186
"3896667737",-103.392634,46.914186
"3896666677",-103.392634,46.914186
"3896664173",-103.390573,46.913655
"3896663099",-103.388248,46.912619
"3896660631",-103.380845,46.911647
"3897437030",-103.375981,46.901602
"3897435946",-103.372945,46.900055
"3896556713",-103.371692,46.893572
"3896555457",-103.585237,46.994725
"3897331418",-103.582592,47.00078
"3896549591",-103.58427,47.000544
"3897327764",-103.58427,47.000544
"3896543251",-103.58367,47.000216
"3896542253",-103.58367,47.000216
"3896540925",-103.583623,47.000113
"3897316216",-103.583492,46.99993
"3897313936",-103.586867,46.998255
"3896532271",-103.596256,46.997208
"3896514783",-103.483375,46.978775
"3896514005",-103.534323,46.947505
"3897288206",-103.388803,46.925344
"3896467185",-103.488825,46.990102
"3886295451",-103.488421,46.989816
"3884749454",-103.380659,46.895638
"3872600641",-103.338131,47.595051
"3872596969",-103.340191,47.595333
"3852300602",-103.382238,46.93572
"3842704794",-103.561624,46.930467
"3817159638",-103.442062,47.603323
"3809976386",-103.260126,47.599637
"3801428368",-103.388922,46.926447
"3765072441",-103.381833,46.895667
"3765071799",-103.3805,46.895667
"3765070903",-103.3805,46.895667
"3765865202",-103.3815,46.895667
"3765068549",-103.380667,46.895667
"3765067909",-103.380667,46.8955
"3765842344",-103.380667,46.8955
"3765046189",-103.381333,46.894167
"3765840038",-103.381333,46.894167
"3763242776",-103.380575,46.895598
"3633021478",-103.266613,47.611602
"3626220913",-103.381834,46.896333
"3625896729",-103.5305,46.927666
"3313782973",-103.528021,46.941073
"3243459062",-103.383628,46.936486
"3243461730",-103.481992,46.979344
"3096999276",-103.362647,47.59403
"3096158181",-103.362647,47.59403
"3096156545",-103.362647,47.59403
"3096996176",-103.362647,47.59403
"3096154951",-103.362647,47.59403
"3096154485",-103.362647,47.59403
"3096994566",-103.362647,47.59403
"3096153415",-103.362647,47.59403
"3096152261",-103.362647,47.59403
"3096990072",-103.362647,47.59403
"3096148889",-103.362647,47.59403
"3096148279",-103.362647,47.59403
"3096987536",-103.362647,47.59403
"3096985798",-103.362647,47.59403
"3096985154",-103.362647,47.59403
"3096144227",-103.362647,47.59403
"3096143697",-103.362647,47.59403
"3096983086",-103.362647,47.59403
"3096981542",-103.362647,47.59403
"3096137003",-103.362647,47.59403
"2934230983",-103.325729,47.598755
"2863426717",-103.388667,46.925999
"2831792221",-103.494926,46.951276
"2826731159",-103.389235,46.933881
"2808302124",-103.528943,46.926843
"2808299306",-103.528943,46.926843
"2808297842",-103.528946,46.926841
"2807447425",-103.528948,46.926841
"4009308405",-103.5092,46.9291
"6489057157",-103.401571,46.959365
"6489050023",-103.390842,46.927348
"6489044819",-103.390842,46.927348
"6489023713",-103.452179,46.921904
"6489001971",-103.519824,46.954158
"6488999409",-103.519824,46.954158
"6488989957",-103.519824,46.954158
"6463111887",-103.395509,46.934967
"6371451251",-103.39402,46.955894
"6278408105",-103.385148,46.896155
"6274526001",-103.381454,46.895385
"6273372812",-103.385292,46.898261
"6272827501",-103.388,46.899333
"6272706110",-103.3845,46.898666
"6244318936",-103.381545,46.895269
"6243782693",-103.381087,46.895488
"6228021917",-103.439025,47.592272
"6211372606",-103.53107,46.951919
"6211313070",-103.531039,46.951919
"6211300626",-103.485245,46.988719
"6210783819",-103.52457,46.93465
"6210781859",-103.529762,46.948488
"6196558485",-103.34135,47.591057
"6196557067",-103.365211,47.615768
"6197068982",-103.365039,47.617388
"6196508923",-103.358001,47.615826
"6196508479",-103.360061,47.61895
"6197019526",-103.3568,47.620396
"6196489281",-103.342723,47.615131
"6196973692",-103.539791,46.950438
"6157875938",-103.384106,46.951665
"6157873022",-103.384106,46.951665
"6157870784",-103.452018,46.921935
"6157862278",-103.34167,47.595046
"6157859226",-103.34167,47.595046
"6157314111",-103.36612,47.611476
"6157854692",-103.375491,47.610445
"6157845360",-103.368676,47.607946
"6157297435",-103.360448,47.60725
"6156702239",-103.479812,46.984572
"6157242964",-103.48925,46.979777
"6156700587",-103.489131,46.97973
"6156700225",-103.489206,46.979725
"6156699833",-103.491639,46.97855
"6156699499",-103.491698,46.978563
"6156699133",-103.491703,46.978558
"6157240892",-103.491775,46.978547
"6157240582",-103.491789,46.978572
"6157240290",-103.511573,46.955513
"6156697997",-103.51145,46.955363
"6124988168",-103.381776,46.895473
"6116093774",-103.381562,46.895836
"6115147868",-103.381583,46.895832
"6114293232",-103.381733,46.895492
"6091072025",-103.515758,46.931802
"6077989604",-103.532569,46.949348
"6068711628",-103.486223,46.98909
"6068162379",-103.488219,46.989551
"6068706652",-103.488627,46.989997
"6068703190",-103.488627,46.989997
"6068701586",-103.488627,46.989997
"6068153965",-103.488627,46.989997
"6068696260",-103.487414,46.989368
"6068694792",-103.487414,46.989368
"6068143921",-103.485065,46.98898
"6068142261",-103.485193,46.988987
"6066702108",-103.381098,46.895488
"6054664523",-103.529663,46.950379
"6028097648",-103.3811,46.895759
"6028096952",-103.3811,46.895759
"6027544001",-103.3811,46.895759
"6028094948",-103.3811,46.895759
"6027542745",-103.3811,46.895759
"6027542081",-103.3811,46.895759
"6000831754",-103.382313,46.89554
"6000272385",-103.382313,46.89554
"6000813928",-103.382313,46.89554
"6000808018",-103.382313,46.89554
"6000249235",-103.382313,46.89554
"5967359766",-103.38151,46.895703
"5966802483",-103.381583,46.895796
"5966800625",-103.381583,46.895796
"5967353430",-103.381583,46.895796
"5966797027",-103.381583,46.895796
"5967352270",-103.381583,46.895796
"5966476143",-103.507701,46.932403
"5967029368",-103.507701,46.932403
"5966465983",-103.507701,46.932403
"5966992310",-103.507701,46.932403
"5966984982",-103.507701,46.932403
"5966415001",-103.507701,46.932403
"5966408029",-103.532529,46.949855
"5966953216",-103.429563,46.973539
"5966388755",-103.429563,46.973539
"5966939058",-103.51267,46.95474
"5966375365",-103.51267,46.95474
"5966368723",-103.51267,46.95474
"5966361271",-103.51267,46.95474
"5966351425",-103.507701,46.932403
"5966349185",-103.507701,46.932403
"5966896974",-103.518944,46.934879
"5966889108",-103.518944,46.934879
"5966324203",-103.518944,46.934879
"5966314557",-103.511359,46.932704
"5966312895",-103.527283,46.924289
"5966838528",-103.507701,46.932403
"5966269929",-103.507701,46.932403
"5914835216",-103.378157,47.608716
"5914270977",-103.378157,47.608716
"5828327461",-103.357154,47.610152
"5828325799",-103.357154,47.610152
"5826203790",-103.355845,47.615246
"5826200572",-103.355652,47.612004
"5826199108",-103.357154,47.610152
"5826195994",-103.336259,47.59986
"5826194578",-103.334264,47.598732
"5825634039",-103.334017,47.598232
"5826190236",-103.334017,47.598232
"5826189502",-103.334017,47.598232
"5826186196",-103.334017,47.598232
"5822714468",-103.449631,47.595731
"5822713486",-103.454955,47.591212
"5822713084",-103.45227,47.593233
"5822709496",-103.453027,47.594252
"5822705256",-103.45227,47.593233
"5736938133",-103.466148,46.966548
"5716314689",-103.397667,46.957
"5696032765",-103.381712,46.895891
"5696608834",-103.381712,46.895891
"5696031125",-103.381712,46.895891
"5696030181",-103.381712,46.895891
"5696029303",-103.381712,46.895891
"5696028595",-103.381712,46.895891
"5696604586",-103.381712,46.895891
"5667999398",-103.334312,46.89592
"5667329369",-103.520221,46.998285
"5614394916",-103.468243,46.923981
"5614384886",-103.5137,46.931275
"5614380246",-103.380563,46.895628
"5551234240",-103.487863,46.989203
"5463624490",-103.362379,47.610416
"5368474046",-103.525248,46.951975
"5365405287",-103.380843,46.895539
"5330087697",-103.379828,47.618447
"5311169110",-103.509385,46.953971
"5192432002",-103.38169,46.895818
"5192430348",-103.38169,46.895818
"5192429582",-103.38169,46.895818
"5192428452",-103.38169,46.895818
"5191832005",-103.38169,46.895818
"5191830875",-103.38169,46.895818
"5192425368",-103.38169,46.895818
"5192424582",-103.38169,46.895818
"5192423800",-103.38169,46.895818
"5191827377",-103.38169,46.895818
"5179643607",-103.482939,46.97788
"5064908786",-103.381583,46.895799
"5064907808",-103.381519,46.895829
"5064292695",-103.381562,46.895792
"5064291797",-103.381519,46.895803
"5064905174",-103.381583,46.895803
"5064904402",-103.381572,46.895774
"5064903624",-103.381572,46.895796
"5064287021",-103.381744,46.895404
"5064899720",-103.381583,46.89581
"5064898236",-103.381583,46.895745
"5041501151",-103.494279,46.952514
"5026810403",-103.544939,47.008236
"5027425308",-103.572492,47.006831
"5026808429",-103.5773,47.002147
"5026693680",-103.442501,47.6025
"5026076113",-103.442501,47.602333
"5026691446",-103.442501,47.602333
"5026686914",-103.379167,47.623333
"5026683150",-103.378,47.609
"5026065745",-103.378167,47.608833
"5026064369",-103.378167,47.608833
"5026679724",-103.378167,47.608666
"5026061825",-103.378334,47.608833
"5026676910",-103.378,47.609166
"5026058727",-103.377834,47.608833
"5026672456",-103.377834,47.609333
"5026055023",-103.377834,47.609333
"4998976224",-103.29586,47.593777
"4992187794",-103.533053,46.949196
"4988007340",-103.494569,46.952528
"4987108294",-103.532474,46.948995
"4867345095",-103.532023,46.950269
"4867958108",-103.532023,46.950269
"4867340937",-103.532023,46.950269
"4867328281",-103.534383,46.936674
"4867940722",-103.534383,46.936674
"4867322785",-103.494215,46.943318
"4867320101",-103.494215,46.943318
"4867317861",-103.494215,46.943318
"4867926470",-103.494215,46.943318
"4867308581",-103.494215,46.943318
"4842923610",-103.494848,46.952539
"4836684350",-103.532323,46.948995
"4836327168",-103.388611,46.92615
"4820451391",-103.389008,46.92648
"4819144111",-103.531667,46.934666
"4817942905",-103.533,46.934166
"4756932111",-103.529167,46.915555
"4756890416",-103.495523,46.952616
"4791945486",-103.413418,47.626183
"4791942630",-103.411531,47.627323
"4791936410",-103.400175,47.62885
"4791892328",-103.346638,47.607085
"4745161432",-103.48782,46.989423
"32182341154",-103.488803,46.990138
"32901086431",-103.488803,46.990138
"32182337674",-103.486506,46.988341
"32182335984",-103.486473,46.988325
"32645407550",-103.490895,47.000072
"32871937552",-103.456889,46.987094
"32985997386",-103.455098,46.986872
"32871935692",-103.451492,46.986147
"32985993126",-103.451348,46.98613
"32985991336",-103.442534,46.983288
"32645401370",-103.433339,46.975283
"32212543393",-103.433339,46.975283
"32212541873",-103.433339,46.975283
"32212540993",-103.433339,46.975283
"32901067731",-103.433339,46.975283
"32901065971",-103.433339,46.975283
"32985977696",-103.415145,46.968047
"32985974446",-103.405428,46.963352
"32901057701",-103.402956,46.959275
"32212529483",-103.385931,46.953219
"32212528603",-103.388895,46.925311
"33027518605",-103.388778,46.924791
"33027517765",-103.388937,46.924563
"33027516915",-103.388934,46.924219
"33027515405",-103.3888,46.926272
"32901045121",-103.463289,46.921447
"32901043181",-103.467978,46.923955
"32901041661",-103.481973,46.930233
"32901040431",-103.506762,46.951272
"32212514973",-103.531939,46.945294
"32212513183",-103.514848,46.931294
"32901035901",-103.514056,46.931219
"32182282024",-103.513598,46.931252
"32182277284",-103.526334,46.916605
"32182275554",-103.526287,46.91683
"32985932156",-103.381159,46.895213
"32471600360",-103.452198,46.921936
"31966471233",-103.380575,46.895727
"31473012482",-103.494051,46.96767
"31066991380",-103.429917,47.618294
"30579014214",-103.352916,47.608362
"31391974065",-103.384652,46.896383
"31301678596",-103.379531,47.60938
"31282998336",-103.504078,46.956577
"30454512743",-103.377406,47.60928
"31100214972",-103.53047,46.934625
"30721416596",-103.531017,46.9499
"30126075714",-103.52925,46.952083
"30457471640",-103.52925,46.952083
"30122514673",-103.52925,46.952083
"30122514203",-103.52925,46.952083
"30380544866",-103.263197,47.610243
"30378362036",-103.263197,47.610243
"30368271035",-103.263197,47.610243
"29939390430",-103.580345,47.000994
"30150393441",-103.586395,46.999325
"30121045352",-103.58632,46.999302
"30121042872",-103.58632,46.999302
"30150388461",-103.585053,47.000113
"29939382280",-103.585053,47.000113
"30235944155",-103.584656,47.000258
"30150384341",-103.584642,47.000277
"29606464283",-103.580345,47.001011
"30121036522",-103.584434,47.000427
"29605697414",-103.580345,47.001011
"29939370370",-103.583131,47.000144
"30093661211",-103.378129,47.608875
"29549175773",-103.378129,47.608875
"30093660411",-103.378129,47.608875
"29549174843",-103.378129,47.608875
"30093659311",-103.377538,47.609034
"30063498242",-103.380562,46.895613
"30093509061",-103.380556,46.8956
"30063468702",-103.380556,46.895633
"30063466792",-103.380556,46.895633
"29549026593",-103.380556,46.895619
"30045074892",-103.378021,47.608984
"29863755940",-103.4413,47.603153
"29863755710",-103.4413,47.603153
"29863755530",-103.378043,47.608781
"29863755040",-103.379738,47.623679
"30105142406",-103.378043,47.608781
"30025474052",-103.344826,47.604687
"30055647601",-103.3309,47.594298
"30055640741",-103.331995,47.59644
"30139864775",-103.331995,47.59644
"30126268215",-103.51357,46.931094
"30126259625",-103.44332,47.604727
"30084496476",-103.488121,46.989679
"30084496066",-103.466663,46.920299
"30084495456",-103.425067,46.910786
"30004977872",-103.526208,46.919683
"30015598281",-103.389201,46.926666
"30015597741",-103.406356,46.956633
"30064288516",-103.405659,46.963223
"30064287956",-103.488271,46.98943
"30015596961",-103.488678,46.990111
"29782607890",-103.263197,47.610243
"29910416015",-103.488476,46.990293
"29825210181",-103.488476,46.990293
"29614001840",-103.488476,46.990293
"29824931081",-103.488476,46.990293
"29613328010",-103.488476,46.990293
"29280153804",-103.488476,46.990293
"29749870275",-103.529089,46.947799
"29019651034",-103.50283,46.958684
"29581416626",-103.45,46.966666
"28927924033",-103.381067,46.89395
"29550712085",-103.381067,46.89395
"28925508334",-103.381067,46.89395
"29516838276",-103.381067,46.89395
"29348883095",-103.33001,47.594038
"29315621536",-103.33001,47.594038
"29315620326",-103.328937,47.594356
"29315619436",-103.305226,47.594262
"29315618336",-103.261013,47.600158
"28704730233",-103.350244,47.608022
"28704727943",-103.334012,47.594754
"29246785581",-103.447587,47.593683
"29246783821",-103.45013,47.602184
"29246782681",-103.451085,47.599731
"29246780661",-103.448617,47.603985
"29246779541",-103.442051,47.603385
"28704718843",-103.37962,47.623593
"29325730505",-103.330267,47.594001
"29325728375",-103.330063,47.593249
"29325727535",-103.329709,47.593972
"29325726205",-103.328229,47.593886
"29325725115",-103.330514,47.59589
"29325721795",-103.328679,47.594797
"29014802650",-103.44925,47.603392
"29014800030",-103.442759,47.603038
"28680452694",-103.449862,47.602524
"28680451624",-103.450258,47.601974
"28680449994",-103.450709,47.600607
"29269073846",-103.450623,47.600802
"29269070626",-103.451085,47.599731
"29269069436",-103.450452,47.596092
"29194831202",-103.44911,47.595282
"29194830992",-103.44911,47.595282
"28682222803",-103.447587,47.593683
"28682220303",-103.447587,47.593683
"28682217593",-103.447587,47.593683
"28682215643",-103.447587,47.593683
"29167844292",-103.350244,47.608022
"28653314624",-103.434584,47.611356
"29241991146",-103.345502,47.603956
"29241988966",-103.345502,47.603956
"29167847852",-103.344794,47.604238
"29167846432",-103.346275,47.60596
"29167842492",-103.350244,47.608022
"29167837272",-103.375382,47.612615
"29167836112",-103.378021,47.609765
"29167835272",-103.37801,47.608788
"28655075583",-103.442158,47.602625
"28655074523",-103.442158,47.602625
"28655071633",-103.442158,47.602625
"28627816614",-103.259832,47.599601
"28627815554",-103.280593,47.597568
"29216844236",-103.299443,47.593075
"29216842606",-103.299443,47.593075
"29216840166",-103.301213,47.593719
"28962772240",-103.318637,47.596403
"28962771560",-103.319045,47.595868
"28962770290",-103.319045,47.595868
"28962768140",-103.319045,47.595868
"28962767500",-103.319045,47.595868
"28627797384",-103.331651,47.596765
"28627796104",-103.331651,47.596765
"28613305153",-103.254382,47.598133
"28613303443",-103.254135,47.598972
"29155358541",-103.254897,47.599891
"29013992746",-103.380525,46.89563
"28911655056",-103.380618,46.895686
"28911651126",-103.381648,46.895935
"28911646236",-103.381648,46.895935
"28911642236",-103.38478,46.895415
"28324972264",-103.387334,46.897981
"28943528135",-103.387334,46.897981
"28834495751",-103.381928,46.895747
"28827730856",-103.381596,46.895838
"28041461384",-103.526304,46.91695
"28028197473",-103.526304,46.91695
"28028171473",-103.401968,46.95943
"27941911224",-103.402043,46.923582
"28463787201",-103.381578,46.895886
"28506161675",-103.329803,47.596133
"28506037445",-103.441606,47.602822
"28400992982",-103.309503,47.595877
"28473996436",-103.378534,47.608719
"28473940676",-103.377823,47.608863
"28473916576",-103.378137,47.609397
"28505828635",-103.377823,47.608844
"28427926321",-103.303925,47.594263
"27889381664",-103.37812,47.608494
"27846648284",-103.382223,46.894166
"27833311223",-103.488861,46.990184
"27683530354",-103.360683,47.608137
"28173129931",-103.377635,47.608955
"28173107481",-103.514235,46.931268
"27618707053",-103.420809,46.940408
"27618712944",-103.420809,46.940408
"27953495610",-103.420809,46.940408
"27952413760",-103.493675,46.952397
"27952327100",-103.420834,46.940277
"28155301491",-103.420834,46.940277
"27616940303",-103.420834,46.940277
"27616919593",-103.420809,46.940408
"27616914583",-103.416223,46.942191
"27616909333",-103.416223,46.942191
"27951668910",-103.415289,46.944455
"28128231052",-103.415289,46.944455
"28154570771",-103.417364,46.950741
"28081309792",-103.380489,46.895663
"28089247481",-103.45234,46.922321
"27539315693",-103.534439,46.948619
"27508434064",-103.451954,46.922043
"27483589684",-103.485573,46.931613
"27995465562",-103.534456,46.948666
"28020408911",-103.534448,46.948669
"27920853372",-103.517195,46.954652
"28004295385",-103.517195,46.954652
"27390366683",-103.517195,46.954652
"27724246810",-103.517195,46.954652
"29175054813",-103.254565,47.599182
"29315621496",-103.33001,47.594038
"29246784891",-103.447587,47.593683
"29246781671",-103.45013,47.602184
"29325723155",-103.331351,47.596317
"29167839932",-103.350244,47.608022
"28653312934",-103.434584,47.611356
"29216837826",-103.299443,47.593075
"29216833146",-103.301213,47.593719
"28962769080",-103.319045,47.595868
"28474158766",-103.377814,47.608855
"28221210131",-103.360683,47.608137
"28198538116",-103.415289,46.944455
"16061725796",-103.528954,46.935093
"15768684587",-103.53322,46.949172
"15918027225",-103.486887,46.98804
"7996676721",-103.378203,47.608497
"15653029450",-103.40862,47.627758
"15821655765",-103.360008,47.608033
"15808269605",-103.538717,46.978966
"15799243041",-103.373687,47.609556
"15596345350",-103.377935,47.608644
"15161187044",-103.377935,47.608644
"15775819861",-103.324849,47.597334
"15568420228",-103.381626,46.89595
"15749664055",-103.528931,46.935086
"15564230438",-103.529084,46.935127
"15130265963",-103.529137,46.935136
"15751203772",-103.533448,46.948069
"15749657375",-103.533342,46.947966
"15130259693",-103.533584,46.948227
"15751197992",-103.533531,46.948044
"15564840290",-103.533531,46.948044
"15539163457",-103.442406,47.6058
"15712492951",-103.396711,46.956706
"15528515629",-103.487498,46.98861
"15688502592",-103.525489,46.916811
"15501710017",-103.510715,46.932359
"15501708967",-103.510715,46.932359
"15686900845",-103.510715,46.932359
"15501044309",-103.510715,46.932359
"15502087020",-103.389995,46.926425
"15501036439",-103.49179,46.977822
"15684976511",-103.49179,46.977822
"15636844735",-103.352326,47.608593
"15427312970",-103.482617,46.979059
"15560152286",-103.379625,47.623654
"14948986443",-103.377764,47.609215
"15517939825",-103.538717,46.978966
"15331217878",-103.538717,46.978966
"15277958287",-103.29071,47.591111
"15271662418",-103.334172,47.596588
"15449052942",-103.382463,46.895011
"15448271525",-103.382956,46.894733
"15261042880",-103.382742,46.894923
"15446520732",-103.381862,46.895231
"15446377782",-103.380596,46.89573
"15420434716",-103.432853,47.617972
"15256943827",-103.431367,47.618722
"15443159962",-103.429214,47.618347
"15440326181",-103.423042,47.621469
"15440313521",-103.334367,47.594955
"15256722769",-103.334381,47.594961
"15420404436",-103.525628,46.92723
"15443129022",-103.501237,46.957016
"15440294671",-103.49952,46.95758
"15443127842",-103.497673,46.95875
"15420399336",-103.496978,46.960027
"15443124092",-103.48957,46.971227
"15440289621",-103.49015,46.971555
"15440287341",-103.492217,46.973177
"15256863418",-103.492881,46.974238
"15256892407",-103.485437,46.988808
"15443455595",-103.485445,46.988811
"15256681749",-103.403039,46.958552
"15219189230",-103.53197,46.949661
"15219251888",-103.517,46.954569
"15219100309",-103.489264,46.934922
"15219098179",-103.486712,46.931183
"15382812476",-103.445212,46.984466
"15160785289",-103.379625,47.623654
"15347185432",-103.354965,47.610119
"15160753990",-103.28056,47.597756
"15294916691",-103.381667,46.895833
"15294910711",-103.381667,46.895833
"15080998689",-103.381321,46.895325
"15066160080",-103.416217,46.968111
"15066271257",-103.416217,46.968111
"15219661316",-103.547,46.935027
"15055319879",-103.380553,46.895644
"15055387290",-103.382112,46.895744
"15219053646",-103.508737,46.953838
"15055377330",-103.508839,46.953794
"15241671822",-103.508812,46.953788
"15055297079",-103.452067,46.922013
"15238953811",-103.416217,46.968111
"15219028416",-103.416306,46.968147
"15219020346",-103.486353,46.990372
"15055329060",-103.483981,46.978666
"15055444708",-103.491267,46.978805
"15034617919",-103.468911,46.990736
"15179776942",-103.533234,46.949097
"14993484510",-103.52597,46.916033
"15157110436",-103.525375,46.916605
"14993391689",-103.525375,46.916605
"15180136435",-103.527467,46.914775
"15177128371",-103.527467,46.914775
"14993554178",-103.527467,46.914775
"15177125221",-103.52597,46.916033
"15177124731",-103.52597,46.916033
"15179757052",-103.502937,46.958727
"14993380749",-103.502937,46.958727
"14993379999",-103.502875,46.958691
"14993468360",-103.503312,46.958697
"15177117791",-103.503312,46.958697
"15157095546",-103.530937,46.948097
"14991999549",-103.442201,47.602702
"14976656409",-103.433221,47.61008
"14976642199",-103.290077,47.591292
"15142616415",-103.382849,46.895158
"15142614335",-103.382849,46.895158
"14956060038",-103.382849,46.895158
"14955960550",-103.382849,46.895158
"14956057117",-103.382849,46.895158
"14955955960",-103.382849,46.895158
"14956047618",-103.382828,46.895481
"14955950530",-103.381326,46.895488
"15142219782",-103.381326,46.895488
"14955882940",-103.388535,46.926263
"14955978708",-103.388535,46.926263
"15139556651",-103.388535,46.926263
"15142150302",-103.388535,46.926263
"14955842579",-103.388535,46.926263
"14955975097",-103.388535,46.926263
"15139538751",-103.381808,46.895525
"14955957438",-103.381283,46.895686
"14955950658",-103.381283,46.895686
"15142122262",-103.381572,46.895869
"15142494055",-103.381572,46.895869
"15142115542",-103.381572,46.895869
"15142112272",-103.381572,46.895869
"14955837660",-103.381572,46.895869
"14955931558",-103.381572,46.895869
"15139507531",-103.381572,46.895869
"14955930347",-103.381572,46.895869
"15142475245",-103.381808,46.895525
"14955925177",-103.381808,46.895525
"15139498501",-103.382828,46.895481
"15110839876",-103.382556,46.894852
"14945149610",-103.332648,47.596525
"14945102909",-103.3551,47.610119
"14945236068",-103.36965,47.607836
"14945149120",-103.3632,47.615572
"15131423312",-103.377817,47.609388
"15120368812",-103.38752,46.897208
"15120363892",-103.387559,46.897216
"14914404268",-103.377945,47.609961
"15100931725",-103.441512,47.602883
"14914220219",-103.379523,47.623488
"15100516802",-103.316564,47.596352
"14877185938",-103.46831,46.990341
"14686388510",-103.405145,46.898533
"14686235589",-103.38167,46.89585
"14686234159",-103.380495,46.895691
"14686248358",-103.380495,46.895691
"14855200975",-103.38167,46.895838
"14587515108",-103.524194,46.916294
"14584473884",-103.380599,46.895426
"14502101675",-103.381548,46.895247
"14291946797",-103.356175,47.609938
"14478387215",-103.379837,47.611719
"14291773320",-103.336792,47.594094
"15860873651",-103.377935,47.608644
"15256780870",-103.334381,47.594983
"15242554375",-103.547,46.935027
"14914393427",-103.377898,47.60993
"9250998593",-103.452222,46.922028
"9253779122",-103.485352,46.931451
"9253778862",-103.485352,46.931378
"9250996191",-103.382892,46.894659
"9250995033",-103.381733,46.895569
"9253776498",-103.381905,46.895481
"9253776022",-103.381819,46.895275
"9253775664",-103.381648,46.89551
"9250993283",-103.381819,46.89551
"9253774828",-103.381519,46.89551
"9250992611",-103.381905,46.895657
"8001336331",-103.375706,47.609461
"9207802233",-103.508849,46.956706
"9117808826",-103.487455,46.989342
"9115583041",-103.487455,46.989342
"9115579467",-103.487455,46.989342
"9117803056",-103.487455,46.989342
"9110870810",-103.524339,46.915747
"9074498364",-103.4912,46.978854
"9074402732",-103.388911,46.924527
"9074024930",-103.390193,46.926648
"9071430227",-103.441396,47.603016
"9064231222",-103.486447,46.920108
"9044949145",-103.523762,46.940418
"9033094805",-103.405395,46.963041
"9035316638",-103.494703,46.946083
"9033094227",-103.448712,46.985611
"9033092263",-103.405639,46.966002
"9033092185",-103.412995,46.967738
"9035313726",-103.475262,46.927911
"9035313288",-103.475359,46.928102
"9035312676",-103.453664,46.921833
"9035311728",-103.475262,46.927911
"9035311674",-103.475259,46.927919
"9011113832",-103.523762,46.940418
"7998135109",-103.358328,47.609377
"8918154085",-103.40494,46.954854
"8757708697",-103.522796,46.93948
"8001599739",-103.514053,46.931302
"8000353974",-103.360395,47.607138
"8548915805",-103.5095,46.954
"8550014372",-103.509167,46.953833
"8549948112",-103.479167,46.980833
"8549947498",-103.526334,46.9505
"8548848143",-103.526167,46.950666
"8548846353",-103.517,46.954833
"8549944894",-103.517,46.954833
"8548845441",-103.509,46.928333
"8001328351",-103.375712,47.609441
"8396006258",-103.586708,46.99879
"8394542312",-103.595709,46.997224
"8378791892",-103.465562,46.920427
"8368235449",-103.42908,46.913659
"8368512142",-103.365551,47.594587
"8307233919",-103.386669,46.896463
"8282917964",-103.458209,46.987191
"8281861417",-103.386797,46.896983
"8282917666",-103.386797,46.896983
"8282877724",-103.392848,46.955579
"8281820581",-103.387956,46.935011
"8282876824",-103.386272,46.89603
"8282876618",-103.386561,46.89628
"8281819565",-103.386561,46.89628
"8281819367",-103.383396,46.895319
"8282876020",-103.38271,46.895539
"8251072859",-103.38051,46.895488
"8252138058",-103.38051,46.895488
"8165828600",-103.381851,46.895649
"8158568148",-103.381512,46.895815
"8143491049",-103.502712,46.955886
"8049338688",-103.44778,46.946746
"8018329640",-103.534319,46.949002
"8018303962",-103.534319,46.949002
"8018298511",-103.534319,46.949002
"8018297531",-103.534319,46.949002
"8018301826",-103.534319,46.949002
"8001634941",-103.51435,46.931541
"8001551270",-103.352462,47.609961
"8001538883",-103.352359,47.619519
"8001295605",-103.375648,47.60948
"8001246386",-103.3722,47.608802
"7993603532",-103.522167,46.933667
"7989830226",-103.383,46.895166
"7987108935",-103.372228,47.608894
"7981024599",-103.487834,46.9895
"7981025606",-103.487834,46.988666
"7981025346",-103.487834,46.9885
"7981025050",-103.4875,46.9885
"7981023231",-103.437203,46.955397
"7981022859",-103.437203,46.955397
"7981023984",-103.437203,46.955397
"7972128020",-103.382205,46.895099
"7972122486",-103.382034,46.895129
"7972006230",-103.382077,46.895129
"7893302480",-103.488839,46.990091
"7854225740",-103.514192,46.931405
"7853702298",-103.514387,46.931605
"7853527746",-103.485206,46.931436
"7851309536",-103.365117,47.616105
"7851240936",-103.365162,47.616122
"7851221064",-103.359903,47.615872
"7848392634",-103.376931,47.614558
"7848114218",-103.355039,47.610063
"7838021460",-103.532828,46.934161
"7838021368",-103.531819,46.934396
"7837953594",-103.534587,46.949376
"7837953420",-103.48752,46.98861
"7837866896",-103.48752,46.98861
"7835101426",-103.392817,46.955361
"7835097024",-103.397645,46.957233
"7835092956",-103.405406,46.963083
"7835088300",-103.487562,46.988602
"7835083986",-103.487706,46.988725
"7835079330",-103.487453,46.988563
"7835066936",-103.491881,46.978391
"7835062492",-103.493017,46.976491
"7835050656",-103.492806,46.974247
"7834991684",-103.431193,46.973627
"7833440068",-103.415046,46.968048
"7833439946",-103.415046,46.968048
"7830992252",-103.398309,46.92238
"7830832280",-103.397923,46.922732
"7830811406",-103.489612,46.935553
"7830792666",-103.51417,46.931627
"7825082456",-103.591954,46.998365
"7824981990",-103.596224,46.997202
"7824745886",-103.381615,46.89584
"7823290642",-103.380864,46.895554
"7819735466",-103.525843,46.928022
"7819729542",-103.527774,46.927993
"7819722152",-103.51932,46.923831
"7819715924",-103.517689,46.923245
"7819693696",-103.520522,46.925296
"7819669204",-103.522152,46.925501
"7819653290",-103.523483,46.925941
"7816574088",-103.527345,46.919581
"7816547052",-103.518204,46.92342
"7816341762",-103.527517,46.914685
"7754681038",-103.38124,46.895478
"7753033720",-103.357048,47.616847
"7752948016",-103.355714,47.615225
"7752750012",-103.331837,47.596186
"7744238648",-103.492723,46.972712
"7744238366",-103.491876,46.978539
"7744238116",-103.491876,46.978539
"7744237936",-103.491876,46.978539
"7744237626",-103.491876,46.978539
"7744237302",-103.491876,46.978539
"7744236828",-103.491876,46.978539
"7744236552",-103.491876,46.978539
"7744236260",-103.491876,46.978539
"7744235952",-103.491876,46.978539
"7744235758",-103.491876,46.978539
"7705609294",-103.381605,46.895788
"7633817098",-103.380932,46.895288
"7633807394",-103.380936,46.89527
"7608785606",-103.532023,46.95073
"7603480420",-103.529362,46.947068
"7603472598",-103.53404,46.950906
"7587099110",-103.484001,46.952137
"7331528076",-103.423002,46.967409
"7323540492",-103.423013,46.967453
"7330703548",-103.423002,46.967468
"7331793784",-103.342553,47.602922
"7331659708",-103.342553,47.602922
"7331447334",-103.448639,46.939949
"7318652036",-103.422995,46.967505
"7318575260",-103.423141,46.9676
"7318568550",-103.423034,46.967468
"7263735420",-103.381277,46.895356
"7259995780",-103.390139,46.926627
"7259993110",-103.390142,46.92668
"7259989810",-103.390087,46.926652
"7259987432",-103.389409,46.926897
"7259983526",-103.443989,46.915602
"7259980424",-103.516378,46.931927
"7259977158",-103.525998,46.916663
"7259974314",-103.381625,46.895855
"7259972568",-103.332253,47.596522
"7259971154",-103.331737,47.59645
"7259969496",-103.331884,47.59643
"7249039450",-103.513945,46.931269
"6998268110",-103.526167,46.916333
"6980894688",-103.380828,46.895466
"6980893898",-103.38107,46.894655
"7126979529",-103.381006,46.894633
"6789760588",-103.529762,46.948488
"6789757454",-103.529762,46.948488
"6789754490",-103.529762,46.948488
"6888875323",-103.589833,46.9985
"6490173393",-103.290195,47.591129
"6490150351",-103.33267,47.596378
"6489097607",-103.522303,46.933846
"6489090681",-103.522303,46.933846
"6489087391",-103.522303,46.933846
"6489079411",-103.522303,46.933846
"21022336511",-103.328523,47.597
"20795613172",-103.402609,46.933769
"20182431204",-103.402609,46.933769
"20616997800",-103.403192,46.933544
"20616920680",-103.514039,46.931219
"20590028879",-103.5258,46.916312
"20127872234",-103.380854,46.895481
"19844394643",-103.382778,46.895555
"20277282738",-103.384723,46.895833
"20456603752",-103.384723,46.896111
"20277273628",-103.384723,46.896111
"20465301725",-103.384723,46.896111
"20456594262",-103.384723,46.896111
"20439068106",-103.387223,46.897777
"20456587732",-103.387223,46.897777
"20465288355",-103.3875,46.897777
"20277258878",-103.3875,46.897777
"20456581372",-103.3875,46.897777
"20276685520",-103.384723,46.896111
"20196534870",-103.377099,47.609465
"20182845340",-103.378171,47.609552
"46802330804",-103.381717,46.895783
"46924702332",-103.3716,46.8966
"46976786141",-103.3716,46.8966
"46239214604",-103.3716,46.8966
"46963578291",-103.3716,46.8966
"46911647562",-103.3716,46.8966
"33088300058",-103.3716,46.8966
"32022681207",-103.3716,46.8966
"32022671767",-103.3716,46.8966
"32022663417",-103.3716,46.8966
"46239169194",-103.3716,46.8966
"32022647377",-103.3716,46.8966
"46049753905",-103.3716,46.8966
"32022625597",-103.3716,46.8966
"39999160623",-103.3716,46.8966
"46821131341",-103.389034,46.924266
"32895854808",-103.388767,46.92505
"39743132573",-103.430717,47.618716
"44775700660",-103.3256,47.597266
"44762336440",-103.527109,46.949961
"32705450978",-103.442017,47.602583
"45635381715",-103.38365,46.949466
"31513447207",-103.377067,47.60965
"44596037960",-103.488767,46.9901
"46375364891",-103.513584,46.931233
"46375331551",-103.52145,46.933483
"45448976925",-103.3715,46.892616
"32447790568",-103.373967,46.900316
"45394412365",-103.5136,46.93125
"46256936162",-103.373034,46.900116
"32232979028",-103.32854,47.606568
"32013762678",-103.278511,47.598625
"45151560384",-103.489623,46.952342
"44939769865",-103.454861,46.986202
"45785166011",-103.332155,47.596772
"30845202807",-103.332155,47.596772
"31898718008",-103.450012,46.920269
"43819759320",-103.476458,46.981357
"44727262764",-103.513287,46.931169
"43634888270",-103.379448,47.623019
"31576772008",-103.493867,46.975255
"45253440452",-103.251378,47.592605
"43428280960",-103.422117,47.612535
"31335336638",-103.596289,46.999616
"45023254351",-103.385467,46.895481
"30084558487",-103.4418,47.602666
"30062099787",-103.531984,46.945266
"44005932005",-103.381717,46.895816
"31024961408",-103.328767,47.596
"29931756347",-103.385467,46.895481
"44791563481",-103.442566,47.603124
"29830234897",-103.46323,46.921919
"29830234037",-103.453767,46.921721
"30865975478",-103.489043,46.952854
"29787722927",-103.377841,47.609271
"44674714552",-103.336578,47.60504
"44684124171",-103.464519,46.920466
"43757441535",-103.452184,46.921966
"42794909610",-103.38157,46.895866
"44580477861",-103.503849,46.95035
"43572684305",-103.44225,47.602633
"30612470838",-103.4166,47.624916
"43729854064",-103.433289,47.616119
"29458623767",-103.377984,47.608716
"44284579032",-103.355823,47.609813
"43616100434",-103.486595,46.988441
"44242309952",-103.43205,47.618566
"44228750381",-103.526114,46.920272
"44228739281",-103.517289,46.924286
"44179997582",-103.506667,46.929661
"30361082208",-103.506667,46.929661
"43510887794",-103.506667,46.929661
"30361070088",-103.506667,46.929661
"44228709551",-103.507889,46.930736
"44228706861",-103.507889,46.930736
"44228705701",-103.513039,46.931338
"44228702061",-103.512778,46.931405
"43322778305",-103.512778,46.931405
"43322772345",-103.515364,46.931463
"43322767455",-103.515342,46.931461
"43322761145",-103.521934,46.933791
"43322756265",-103.521934,46.933791
"43322749645",-103.531562,46.945299
"30361028458",-103.531945,46.945277
"30361016188",-103.53182,46.945238
"44179952182",-103.53182,46.945238
"44179948392",-103.531814,46.945294
"29293070687",-103.531667,46.945458
"42420706290",-103.512864,46.9314
"43322711485",-103.512864,46.9314
"43301812225",-103.377075,47.609652
"42357236400",-103.487967,46.989683
"30212995748",-103.5136,46.931266
"29124065667",-103.51005,46.926216
"29084996637",-103.487934,46.9896
"29067162137",-103.383684,46.94945
"43268866354",-103.381519,46.895876
"29049826187",-103.381519,46.895876
"42178384590",-103.381519,46.895876
"43254886374",-103.392331,46.954661
"28987584307",-103.441842,47.602772
"43018959965",-103.44252,47.603369
"43018708105",-103.379587,47.623586
"30036579108",-103.363451,47.609837
"42991070995",-103.371467,46.897766
"29979204628",-103.332481,47.596661
"43131339684",-103.332359,47.596458
"28912451597",-103.325653,47.597386
"43800335352",-103.302545,47.594127
"28912398957",-103.302698,47.59423
"43131266094",-103.302698,47.594233
"43130960844",-103.302528,47.594038
"43799884742",-103.301148,47.593536
"43130922854",-103.301559,47.593605
"28911978847",-103.279037,47.600391
"43799804962",-103.278931,47.600419
"42039743090",-103.276345,47.602222
"43799760672",-103.260078,47.599808
"42039633460",-103.255081,47.599772
"43795990622",-103.533045,46.934155
"43724579441",-103.372234,46.894383
"42543247675",-103.530862,46.949583
"28555121817",-103.311356,47.596511
"42478970635",-103.466878,46.920238
"29498440208",-103.533631,46.937088
"42408511744",-103.38169,46.89584
"42202925705",-103.377653,47.609583
"29049772968",-103.384981,46.895486
"42010958835",-103.332481,47.596436
"41076951460",-103.385339,46.896716
"42839038312",-103.387878,46.896794
"28018325987",-103.385148,46.895247
"42168901454",-103.33252,47.596705
"41076888860",-103.343934,47.6027
"42887287911",-103.377814,47.609469
"42150935144",-103.387878,46.896794
"28996387318",-103.387878,46.896794
"42868565531",-103.380164,46.895322
"42868551211",-103.475748,46.928774
"41968272155",-103.397217,46.956841
"42001668934",-103.3833,46.895175
"42001668784",-103.386642,46.89695
"42001668594",-103.38472,46.895091
"28845911778",-103.355417,47.614072
"28845912068",-103.35637,47.615894
"28845911578",-103.332437,47.59645
"42001428934",-103.441423,47.602844
"42670355092",-103.424117,46.910008
"27850475767",-103.388931,46.92523
"42001065184",-103.488809,46.99015
"27483963937",-103.376306,47.612661
"40333221600",-103.504359,46.959066
"40333221110",-103.52465,46.918475
"41419812774",-103.40532,46.96295
"42139912551",-103.429267,46.912352
"28262451998",-103.429281,46.912355
"42086717712",-103.381723,46.895825
"26944088197",-103.525542,46.916377
"26944086637",-103.526395,46.916536
"26944085587",-103.526439,46.916516
"26944083597",-103.526348,46.916388
"27943693468",-103.528887,46.941133
"27943691648",-103.529528,46.941238
"41811788221",-103.452214,46.921997
"41811785021",-103.487337,46.993163
"41811783131",-103.487389,46.993197
"41811779801",-103.528373,46.915458
"40004551320",-103.260195,47.5999
"40004550330",-103.260606,47.599955
"40004546300",-103.30297,47.594169
"27943607248",-103.325189,47.597263
"27943605438",-103.325509,47.597272
"27943603998",-103.325787,47.597294
"27943602818",-103.380125,47.623294
"41722212081",-103.296881,47.591105
"40903144044",-103.38065,46.895635
"26066917988",-103.35665,47.60988
"39939185201",-103.35665,47.60988
"38983085905",-103.380592,46.895602
"28101872659",-103.468384,46.923847
"24257230997",-103.513298,46.931091
"25189060038",-103.526178,46.927647
"25189059228",-103.334403,47.594966
"25189058998",-103.334412,47.594986
"39056001121",-103.334359,47.59495
"39056000411",-103.33435,47.594941
"24194356807",-103.334359,47.594936
"25189036748",-103.441881,47.603316
"38174187675",-103.417795,46.933019
"38174187035",-103.424981,46.971519
"24194309227",-103.487084,46.967352
"24194308787",-103.488617,46.965177
"24194308187",-103.489609,46.964461
"24194302947",-103.532562,46.948966
"39024581612",-103.368845,47.612461
"39024581092",-103.433298,47.616522
"39024580972",-103.446639,47.610511
"39024580952",-103.441864,47.603313
"39055892831",-103.525712,46.91635
"39055892431",-103.525712,46.91635
"39055891731",-103.485489,46.988819
"39055890941",-103.480195,46.984766
"39055889941",-103.4795,46.980663
"39055889141",-103.480117,46.980358
"39055888831",-103.482606,46.97905
"39055888361",-103.34617,47.606358
"39055887841",-103.353837,47.608947
"39055887231",-103.355462,47.609441
"25188876338",-103.526345,46.916805
"25188875098",-103.388503,46.925869
"25188873338",-103.487617,46.988555
"38174057305",-103.487581,46.988566
"38174055925",-103.49267,46.973852
"38174055325",-103.334184,47.595094
"38174055115",-103.334184,47.595094
"38174054935",-103.378098,47.608763
"38174054545",-103.378098,47.608763
"38174054335",-103.378098,47.608763
"38174053775",-103.378098,47.608763
"38164875184",-103.377756,47.609913
"24015112577",-103.337156,47.593177
"38879752951",-103.441667,47.602777
"24015085977",-103.378112,47.60873
"24014981787",-103.31782,47.596105
